break_value,speed,timestamp
486,0,2024-04-12 07:41:18.401252+00:00
619,0,2024-04-12 07:41:19.280426+00:00
625,3,2024-04-12 07:41:20.403850+00:00
466,4,2024-04-12 07:41:21.408307+00:00
439,5,2024-04-12 07:41:22.348290+00:00
553,5,2024-04-12 07:41:23.273977+00:00
639,4,2024-04-12 07:41:24.262789+00:00
413,3,2024-04-12 07:41:25.305821+00:00
515,2,2024-04-12 07:41:26.345866+00:00
548,2,2024-04-12 07:41:27.368922+00:00
612,2,2024-04-12 07:41:28.287370+00:00
447,2,2024-04-12 07:41:29.417293+00:00
560,2,2024-04-12 07:41:30.234648+00:00
625,1,2024-04-12 07:41:31.265995+00:00
574,1,2024-04-12 07:41:32.294368+00:00
695,1,2024-04-12 07:41:33.306587+00:00
464,1,2024-04-12 07:41:34.532098+00:00
601,1,2024-04-12 07:41:35.799947+00:00
368,1,2024-04-12 07:41:36.387901+00:00
526,1,2024-04-12 07:41:37.299460+00:00
583,1,2024-04-12 07:41:38.321637+00:00
294,1,2024-04-12 07:41:39.241740+00:00
366,1,2024-04-12 07:41:40.231250+00:00
486,1,2024-04-12 07:41:41.391908+00:00
558,1,2024-04-12 07:41:42.420213+00:00
528,1,2024-04-12 07:41:43.447045+00:00
361,1,2024-04-12 07:41:44.231229+00:00
418,1,2024-04-12 07:41:45.289676+00:00
569,1,2024-04-12 07:41:46.309235+00:00
499,1,2024-04-12 07:41:47.335168+00:00
614,2,2024-04-12 07:41:48.305277+00:00
701,3,2024-04-12 07:41:49.383504+00:00
609,3,2024-04-12 07:41:50.299873+00:00
481,3,2024-04-12 07:41:51.441557+00:00
486,3,2024-04-12 07:41:52.246396+00:00
486,3,2024-04-12 07:41:53.287126+00:00
689,3,2024-04-12 07:41:54.289035+00:00
443,3,2024-04-12 07:41:55.319796+00:00
480,3,2024-04-12 07:41:56.446338+00:00
608,3,2024-04-12 07:41:57.367803+00:00
560,3,2024-04-12 07:41:58.393731+00:00
448,3,2024-04-12 07:41:59.314990+00:00
567,2,2024-04-12 07:42:00.334335+00:00
591,2,2024-04-12 07:42:01.367123+00:00
527,2,2024-04-12 07:42:02.399041+00:00
330,2,2024-04-12 07:42:03.227770+00:00
320,2,2024-04-12 07:42:04.239440+00:00
331,2,2024-04-12 07:42:05.365086+00:00
286,2,2024-04-12 07:42:06.275162+00:00
258,2,2024-04-12 07:42:07.295391+00:00
247,3,2024-04-12 07:42:08.429807+00:00
246,5,2024-04-12 07:42:09.243823+00:00
229,5,2024-04-12 07:42:10.272213+00:00
271,7,2024-04-12 07:42:11.231205+00:00
237,9,2024-04-12 07:42:12.316912+00:00
240,9,2024-04-12 07:42:13.347806+00:00
237,13,2024-04-12 07:42:14.364625+00:00
230,17,2024-04-12 07:42:15.231314+00:00
187,17,2024-04-12 07:42:16.331303+00:00
91,20,2024-04-12 07:42:17.455577+00:00
86,26,2024-04-12 07:42:18.258185+00:00
122,26,2024-04-12 07:42:19.281493+00:00
571,32,2024-04-12 07:42:20.306625+00:00
362,34,2024-04-12 07:42:21.329043+00:00
387,34,2024-04-12 07:42:22.582121+00:00
273,34,2024-04-12 07:42:23.493816+00:00
0,33,2024-04-12 07:42:24.512495+00:00
586,33,2024-04-12 07:42:25.428360+00:00
551,31,2024-04-12 07:42:26.345184+00:00
80,28,2024-04-12 07:42:27.270204+00:00
528,28,2024-04-12 07:42:28.289723+00:00
560,23,2024-04-12 07:42:29.407624+00:00
64,17,2024-04-12 07:42:30.457123+00:00
500,17,2024-04-12 07:42:31.271739+00:00
454,13,2024-04-12 07:42:32.287865+00:00
66,9,2024-04-12 07:42:33.308586+00:00
624,9,2024-04-12 07:42:34.333749+00:00
586,7,2024-04-12 07:42:35.359022+00:00
693,5,2024-04-12 07:42:36.383825+00:00
558,5,2024-04-12 07:42:37.228238+00:00
507,4,2024-04-12 07:42:38.432332+00:00
555,3,2024-04-12 07:42:40.297219+00:00
731,3,2024-04-12 07:42:40.781463+00:00
503,2,2024-04-12 07:42:41.299920+00:00
591,2,2024-04-12 07:42:42.431931+00:00
205,2,2024-04-12 07:42:43.479199+00:00
208,1,2024-04-12 07:42:44.231224+00:00
558,2,2024-04-12 07:42:45.291118+00:00
201,2,2024-04-12 07:42:46.314291+00:00
206,7,2024-04-12 07:42:47.340105+00:00
482,12,2024-04-12 07:42:48.264464+00:00
160,12,2024-04-12 07:42:49.287155+00:00
175,15,2024-04-12 07:42:50.308800+00:00
0,17,2024-04-12 07:42:51.330386+00:00
598,17,2024-04-12 07:42:52.243850+00:00
437,16,2024-04-12 07:42:53.384954+00:00
87,14,2024-04-12 07:42:54.398159+00:00
583,14,2024-04-12 07:42:55.422578+00:00
657,10,2024-04-12 07:42:56.248456+00:00
147,7,2024-04-12 07:42:57.269815+00:00
633,7,2024-04-12 07:42:58.296729+00:00
543,5,2024-04-12 07:42:59.322454+00:00
154,3,2024-04-12 07:43:00.240408+00:00
646,3,2024-04-12 07:43:01.369258+00:00
586,2,2024-04-12 07:43:02.392305+00:00
145,2,2024-04-12 07:43:03.415651+00:00
678,2,2024-04-12 07:43:04.439950+00:00
656,1,2024-04-12 07:43:05.258913+00:00
181,1,2024-04-12 07:43:06.288336+00:00
769,1,2024-04-12 07:43:07.308903+00:00
623,1,2024-04-12 07:43:08.434949+00:00
157,0,2024-04-12 07:43:09.352185+00:00
708,0,2024-04-12 07:43:10.382717+00:00
684,0,2024-04-12 07:43:11.302379+00:00
289,0,2024-04-12 07:43:12.323793+00:00
647,0,2024-04-12 07:43:13.353580+00:00
673,0,2024-04-12 07:43:14.373427+00:00
116,0,2024-04-12 07:43:15.393828+00:00
570,0,2024-04-12 07:43:16.415088+00:00
727,0,2024-04-12 07:43:17.238054+00:00
144,0,2024-04-12 07:43:18.371814+00:00
773,0,2024-04-12 07:43:19.293486+00:00
569,0,2024-04-12 07:43:20.320085+00:00
218,0,2024-04-12 07:43:21.337685+00:00
715,0,2024-04-12 07:43:22.355040+00:00
677,0,2024-04-12 07:43:23.389693+00:00
319,0,2024-04-12 07:43:24.238913+00:00
719,0,2024-04-12 07:43:25.241190+00:00
787,0,2024-04-12 07:43:26.396036+00:00
131,0,2024-04-12 07:43:27.378082+00:00
716,0,2024-04-12 07:43:28.369653+00:00
727,0,2024-04-12 07:43:29.423979+00:00
315,0,2024-04-12 07:43:30.461874+00:00
805,0,2024-04-12 07:43:31.269445+00:00
818,0,2024-04-12 07:43:32.293270+00:00
818,0,2024-04-12 07:43:33.308464+00:00
844,0,2024-04-12 07:43:34.343072+00:00
844,0,2024-04-12 07:43:35.261607+00:00
823,0,2024-04-12 07:43:36.290035+00:00
290,0,2024-04-12 07:43:37.310759+00:00
774,0,2024-04-12 07:43:38.334427+00:00
622,0,2024-04-12 07:43:39.361207+00:00
288,0,2024-04-12 07:43:40.382580+00:00
642,0,2024-04-12 07:43:41.401567+00:00
654,0,2024-04-12 07:43:42.236219+00:00
352,0,2024-04-12 07:43:43.361282+00:00
651,0,2024-04-12 07:43:44.231108+00:00
790,0,2024-04-12 07:43:45.299841+00:00
294,0,2024-04-12 07:43:46.430502+00:00
643,0,2024-04-12 07:43:47.450936+00:00
656,0,2024-04-12 07:43:48.271434+00:00
397,0,2024-04-12 07:43:49.289807+00:00
787,0,2024-04-12 07:43:50.336305+00:00
608,0,2024-04-12 07:43:51.340580+00:00
464,0,2024-04-12 07:43:52.316688+00:00
699,0,2024-04-12 07:43:53.394642+00:00
679,0,2024-04-12 07:43:54.418666+00:00
368,0,2024-04-12 07:43:55.442048+00:00
234,0,2024-04-12 07:43:56.252285+00:00
251,0,2024-04-12 07:43:57.280059+00:00
0,0,2024-04-12 07:43:58.303728+00:00
240,0,2024-04-12 07:43:59.323293+00:00
265,0,2024-04-12 07:44:00.351214+00:00
0,2,2024-04-12 07:44:01.276351+00:00
200,8,2024-04-12 07:44:02.401837+00:00
172,18,2024-04-12 07:44:03.423523+00:00
0,18,2024-04-12 07:44:04.232269+00:00
99,24,2024-04-12 07:44:05.228392+00:00
155,29,2024-04-12 07:44:06.285435+00:00
0,29,2024-04-12 07:44:07.229453+00:00
115,33,2024-04-12 07:44:08.445062+00:00
73,37,2024-04-12 07:44:09.364164+00:00
0,37,2024-04-12 07:44:10.386588+00:00
173,41,2024-04-12 07:44:11.408632+00:00
125,44,2024-04-12 07:44:12.437106+00:00
0,44,2024-04-12 07:44:13.253133+00:00
139,47,2024-04-12 07:44:14.282613+00:00
128,50,2024-04-12 07:44:15.294758+00:00
0,50,2024-04-12 07:44:16.323168+00:00
103,53,2024-04-12 07:44:17.350244+00:00
86,55,2024-04-12 07:44:18.372932+00:00
0,55,2024-04-12 07:44:19.296325+00:00
142,57,2024-04-12 07:44:20.228382+00:00
144,59,2024-04-12 07:44:21.233954+00:00
0,59,2024-04-12 07:44:22.226719+00:00
115,60,2024-04-12 07:44:23.287383+00:00
149,61,2024-04-12 07:44:24.314137+00:00
0,61,2024-04-12 07:44:25.228899+00:00
160,61,2024-04-12 07:44:26.232892+00:00
204,60,2024-04-12 07:44:27.384709+00:00
0,60,2024-04-12 07:44:28.304159+00:00
560,59,2024-04-12 07:44:29.328719+00:00
508,59,2024-04-12 07:44:30.251620+00:00
197,56,2024-04-12 07:44:31.270899+00:00
336,50,2024-04-12 07:44:32.303396+00:00
559,50,2024-04-12 07:44:33.321209+00:00
356,43,2024-04-12 07:44:34.349615+00:00
725,35,2024-04-12 07:44:35.372774+00:00
465,35,2024-04-12 07:44:36.397620+00:00
182,27,2024-04-12 07:44:37.419569+00:00
533,19,2024-04-12 07:44:38.379603+00:00
511,19,2024-04-12 07:44:39.266860+00:00
206,12,2024-04-12 07:44:40.289187+00:00
527,8,2024-04-12 07:44:41.325388+00:00
521,8,2024-04-12 07:44:42.338794+00:00
208,5,2024-04-12 07:44:43.231197+00:00
542,5,2024-04-12 07:44:44.229279+00:00
589,5,2024-04-12 07:44:45.305216+00:00
304,3,2024-04-12 07:44:46.327048+00:00
458,3,2024-04-12 07:44:47.250141+00:00
610,3,2024-04-12 07:44:48.274332+00:00
374,2,2024-04-12 07:44:49.401997+00:00
582,3,2024-04-12 07:44:50.414671+00:00
554,3,2024-04-12 07:44:51.243749+00:00
473,3,2024-04-12 07:44:52.271009+00:00
733,2,2024-04-12 07:44:53.288372+00:00
702,2,2024-04-12 07:44:54.313437+00:00
429,2,2024-04-12 07:44:55.338487+00:00
543,2,2024-04-12 07:44:56.315431+00:00
602,2,2024-04-12 07:44:57.291997+00:00
449,1,2024-04-12 07:44:58.301563+00:00
746,1,2024-04-12 07:44:59.333934+00:00
859,1,2024-04-12 07:45:00.359479+00:00
529,1,2024-04-12 07:45:01.389634+00:00
737,1,2024-04-12 07:45:02.409550+00:00
629,1,2024-04-12 07:45:03.326870+00:00
494,1,2024-04-12 07:45:04.247115+00:00
634,0,2024-04-12 07:45:05.375876+00:00
706,0,2024-04-12 07:45:06.297532+00:00
619,0,2024-04-12 07:45:07.425224+00:00
640,0,2024-04-12 07:45:08.241744+00:00
709,0,2024-04-12 07:45:09.269529+00:00
669,0,2024-04-12 07:45:10.287954+00:00
736,0,2024-04-12 07:45:11.233493+00:00
717,0,2024-04-12 07:45:12.490552+00:00
689,0,2024-04-12 07:45:13.242305+00:00
833,0,2024-04-12 07:45:14.283658+00:00
833,0,2024-04-12 07:45:15.304394+00:00
630,0,2024-04-12 07:45:16.330447+00:00
630,0,2024-04-12 07:45:17.248941+00:00
738,0,2024-04-12 07:45:18.379812+00:00
807,0,2024-04-12 07:45:19.403931+00:00
620,0,2024-04-12 07:45:20.429675+00:00
748,0,2024-04-12 07:45:21.354020+00:00
767,0,2024-04-12 07:45:22.236052+00:00
698,0,2024-04-12 07:45:23.300513+00:00
691,0,2024-04-12 07:45:24.232033+00:00
800,0,2024-04-12 07:45:25.245321+00:00
687,0,2024-04-12 07:45:26.262598+00:00
641,0,2024-04-12 07:45:27.297843+00:00
615,0,2024-04-12 07:45:28.316649+00:00
690,0,2024-04-12 07:45:29.439900+00:00
646,0,2024-04-12 07:45:30.256294+00:00
763,0,2024-04-12 07:45:31.433800+00:00
735,0,2024-04-12 07:45:32.309695+00:00
663,0,2024-04-12 07:45:33.331731+00:00
699,0,2024-04-12 07:45:34.355781+00:00
767,0,2024-04-12 07:45:35.380630+00:00
702,0,2024-04-12 07:45:36.300828+00:00
843,0,2024-04-12 07:45:37.429282+00:00
689,0,2024-04-12 07:45:38.244554+00:00
734,0,2024-04-12 07:45:39.329236+00:00
751,0,2024-04-12 07:45:40.295725+00:00
633,0,2024-04-12 07:45:41.420438+00:00
731,0,2024-04-12 07:45:42.445689+00:00
743,0,2024-04-12 07:45:43.260753+00:00
735,0,2024-04-12 07:45:44.234381+00:00
766,0,2024-04-12 07:45:45.233446+00:00
751,0,2024-04-12 07:45:46.229268+00:00
726,0,2024-04-12 07:45:47.254689+00:00
688,0,2024-04-12 07:45:48.283108+00:00
651,0,2024-04-12 07:45:49.236530+00:00
690,0,2024-04-12 07:45:50.535774+00:00
810,0,2024-04-12 07:45:51.248460+00:00
752,0,2024-04-12 07:45:52.272019+00:00
693,0,2024-04-12 07:45:53.304297+00:00
692,0,2024-04-12 07:45:55.543548+00:00
748,0,2024-04-12 07:45:55.544546+00:00
705,0,2024-04-12 07:45:56.265487+00:00
694,0,2024-04-12 07:45:57.291284+00:00
957,0,2024-04-12 07:45:58.514506+00:00
811,0,2024-04-12 07:45:59.337090+00:00
745,0,2024-04-12 07:46:00.260775+00:00
812,0,2024-04-12 07:46:01.287937+00:00
755,0,2024-04-12 07:46:02.310728+00:00
738,0,2024-04-12 07:46:03.436903+00:00
705,0,2024-04-12 07:46:04.231932+00:00
725,0,2024-04-12 07:46:05.276550+00:00
713,0,2024-04-12 07:46:06.297683+00:00
643,0,2024-04-12 07:46:07.429637+00:00
755,0,2024-04-12 07:46:08.248490+00:00
799,0,2024-04-12 07:46:09.271795+00:00
861,0,2024-04-12 07:46:10.230348+00:00
623,0,2024-04-12 07:46:11.428606+00:00
821,0,2024-04-12 07:46:12.242824+00:00
725,0,2024-04-12 07:46:13.266831+00:00
710,0,2024-04-12 07:46:14.304397+00:00
768,0,2024-04-12 07:46:15.313641+00:00
753,0,2024-04-12 07:46:16.341999+00:00
723,0,2024-04-12 07:46:17.365050+00:00
735,0,2024-04-12 07:46:18.391741+00:00
716,0,2024-04-12 07:46:19.414586+00:00
721,0,2024-04-12 07:46:20.437415+00:00
726,0,2024-04-12 07:46:21.256955+00:00
635,0,2024-04-12 07:46:22.270681+00:00
737,0,2024-04-12 07:46:23.406689+00:00
686,0,2024-04-12 07:46:24.430702+00:00
775,0,2024-04-12 07:46:25.233562+00:00
610,0,2024-04-12 07:46:26.273204+00:00
852,0,2024-04-12 07:46:27.296428+00:00
873,0,2024-04-12 07:46:28.346857+00:00
463,0,2024-04-12 07:46:29.321616+00:00
281,0,2024-04-12 07:46:30.232121+00:00
234,0,2024-04-12 07:46:31.227411+00:00
246,0,2024-04-12 07:46:32.414025+00:00
260,1,2024-04-12 07:46:33.437930+00:00
259,5,2024-04-12 07:46:34.259245+00:00
266,5,2024-04-12 07:46:35.281209+00:00
245,6,2024-04-12 07:46:36.314246+00:00
257,8,2024-04-12 07:46:37.334033+00:00
260,8,2024-04-12 07:46:38.257912+00:00
214,12,2024-04-12 07:46:39.482948+00:00
277,17,2024-04-12 07:46:40.405268+00:00
250,17,2024-04-12 07:46:41.528045+00:00
243,24,2024-04-12 07:46:42.241719+00:00
229,30,2024-04-12 07:46:43.262349+00:00
267,30,2024-04-12 07:46:44.225893+00:00
251,35,2024-04-12 07:46:45.312871+00:00
209,39,2024-04-12 07:46:46.337797+00:00
188,39,2024-04-12 07:46:47.263974+00:00
134,43,2024-04-12 07:46:48.392263+00:00
169,45,2024-04-12 07:46:49.411882+00:00
188,45,2024-04-12 07:46:50.428150+00:00
148,48,2024-04-12 07:46:51.253471+00:00
51,50,2024-04-12 07:46:52.274428+00:00
13,50,2024-04-12 07:46:53.306922+00:00
277,51,2024-04-12 07:46:54.327209+00:00
534,52,2024-04-12 07:46:55.351176+00:00
464,52,2024-04-12 07:46:56.379550+00:00
464,51,2024-04-12 07:46:57.403401+00:00
508,46,2024-04-12 07:46:58.425152+00:00
535,46,2024-04-12 07:46:59.450407+00:00
330,36,2024-04-12 07:47:00.252888+00:00
410,27,2024-04-12 07:47:01.292096+00:00
369,27,2024-04-12 07:47:02.324258+00:00
519,18,2024-04-12 07:47:03.483993+00:00
319,10,2024-04-12 07:47:04.264396+00:00
322,10,2024-04-12 07:47:05.290838+00:00
479,5,2024-04-12 07:47:06.321522+00:00
491,3,2024-04-12 07:47:07.329059+00:00
483,3,2024-04-12 07:47:08.350228+00:00
397,2,2024-04-12 07:47:09.382865+00:00
490,2,2024-04-12 07:47:10.445204+00:00
572,2,2024-04-12 07:47:11.326015+00:00
534,1,2024-04-12 07:47:12.243565+00:00
599,1,2024-04-12 07:47:13.282311+00:00
454,1,2024-04-12 07:47:14.295094+00:00
613,1,2024-04-12 07:47:15.320617+00:00
745,1,2024-04-12 07:47:16.238868+00:00
92,1,2024-04-12 07:47:17.270370+00:00
581,1,2024-04-12 07:47:18.286266+00:00
519,1,2024-04-12 07:47:19.570578+00:00
105,1,2024-04-12 07:47:20.336575+00:00
559,0,2024-04-12 07:47:21.259607+00:00
614,0,2024-04-12 07:47:22.399431+00:00
113,0,2024-04-12 07:47:23.306410+00:00
658,0,2024-04-12 07:47:24.234842+00:00
661,0,2024-04-12 07:47:25.254048+00:00
121,0,2024-04-12 07:47:26.287810+00:00
565,0,2024-04-12 07:47:27.300191+00:00
524,0,2024-04-12 07:47:28.424799+00:00
141,0,2024-04-12 07:47:29.251917+00:00
544,0,2024-04-12 07:47:30.260805+00:00
586,0,2024-04-12 07:47:31.294444+00:00
738,0,2024-04-12 07:47:32.323198+00:00
722,0,2024-04-12 07:47:33.241882+00:00
528,0,2024-04-12 07:47:34.264408+00:00
852,0,2024-04-12 07:47:35.493514+00:00
712,0,2024-04-12 07:47:36.419083+00:00
667,0,2024-04-12 07:47:37.439282+00:00
839,0,2024-04-12 07:47:38.257457+00:00
759,0,2024-04-12 07:47:39.284498+00:00
762,0,2024-04-12 07:47:40.304679+00:00
854,0,2024-04-12 07:47:41.347118+00:00
610,0,2024-04-12 07:47:42.367974+00:00
531,0,2024-04-12 07:47:43.385973+00:00
775,0,2024-04-12 07:47:44.405307+00:00
590,0,2024-04-12 07:47:45.241039+00:00
608,0,2024-04-12 07:47:46.251647+00:00
165,0,2024-04-12 07:47:47.264756+00:00
651,0,2024-04-12 07:47:48.294049+00:00
630,0,2024-04-12 07:47:49.431889+00:00
207,0,2024-04-12 07:47:50.445770+00:00
752,0,2024-04-12 07:47:51.268741+00:00
720,0,2024-04-12 07:47:52.284274+00:00
203,0,2024-04-12 07:47:53.321353+00:00
606,0,2024-04-12 07:47:54.439094+00:00
642,0,2024-04-12 07:47:55.361518+00:00
78,0,2024-04-12 07:47:56.286103+00:00
585,0,2024-04-12 07:47:57.302948+00:00
720,0,2024-04-12 07:47:58.330909+00:00
123,0,2024-04-12 07:47:59.360266+00:00
371,0,2024-04-12 07:48:00.373770+00:00
263,0,2024-04-12 07:48:01.400738+00:00
0,0,2024-04-12 07:48:02.425222+00:00
250,0,2024-04-12 07:48:03.238246+00:00
214,3,2024-04-12 07:48:04.229865+00:00
0,3,2024-04-12 07:48:05.290170+00:00
224,8,2024-04-12 07:48:06.316052+00:00
186,11,2024-04-12 07:48:07.341216+00:00
0,11,2024-04-12 07:48:08.235028+00:00
266,13,2024-04-12 07:48:09.289383+00:00
261,16,2024-04-12 07:48:10.414359+00:00
0,16,2024-04-12 07:48:11.440306+00:00
219,19,2024-04-12 07:48:12.251780+00:00
197,22,2024-04-12 07:48:13.278121+00:00
0,22,2024-04-12 07:48:14.232445+00:00
241,26,2024-04-12 07:48:15.326677+00:00
262,31,2024-04-12 07:48:16.227489+00:00
0,31,2024-04-12 07:48:17.374017+00:00
365,34,2024-04-12 07:48:18.399928+00:00
319,36,2024-04-12 07:48:19.422057+00:00
0,36,2024-04-12 07:48:20.446585+00:00
234,35,2024-04-12 07:48:21.266003+00:00
210,34,2024-04-12 07:48:22.284431+00:00
0,34,2024-04-12 07:48:23.322739+00:00
198,33,2024-04-12 07:48:24.338716+00:00
208,34,2024-04-12 07:48:25.270553+00:00
0,34,2024-04-12 07:48:26.281230+00:00
217,37,2024-04-12 07:48:27.507192+00:00
240,39,2024-04-12 07:48:28.431103+00:00
0,39,2024-04-12 07:48:29.253513+00:00
207,40,2024-04-12 07:48:30.238370+00:00
144,41,2024-04-12 07:48:31.295706+00:00
0,41,2024-04-12 07:48:32.319114+00:00
154,41,2024-04-12 07:48:33.245556+00:00
124,42,2024-04-12 07:48:34.268504+00:00
0,42,2024-04-12 07:48:35.391640+00:00
23,42,2024-04-12 07:48:36.424544+00:00
23,42,2024-04-12 07:48:37.441991+00:00
59,42,2024-04-12 07:48:38.261753+00:00
0,42,2024-04-12 07:48:39.287108+00:00
113,42,2024-04-12 07:48:40.307207+00:00
52,42,2024-04-12 07:48:41.339531+00:00
0,41,2024-04-12 07:48:42.355095+00:00
0,40,2024-04-12 07:48:43.383803+00:00
0,40,2024-04-12 07:48:44.227087+00:00
0,39,2024-04-12 07:48:45.330526+00:00
0,38,2024-04-12 07:48:46.252947+00:00
0,38,2024-04-12 07:48:47.279704+00:00
0,38,2024-04-12 07:48:48.301800+00:00
94,38,2024-04-12 07:48:49.322870+00:00
49,38,2024-04-12 07:48:50.350869+00:00
49,39,2024-04-12 07:48:52.427177+00:00
99,41,2024-04-12 07:48:53.423352+00:00
0,41,2024-04-12 07:48:54.443496+00:00
80,43,2024-04-12 07:48:55.477350+00:00
32,44,2024-04-12 07:48:56.490107+00:00
0,44,2024-04-12 07:48:57.527375+00:00
54,44,2024-04-12 07:48:58.650922+00:00
96,44,2024-04-12 07:48:59.569210+00:00
0,45,2024-04-12 07:49:00.590137+00:00
109,48,2024-04-12 07:49:01.405811+00:00
75,48,2024-04-12 07:49:02.436787+00:00
0,50,2024-04-12 07:49:03.458671+00:00
115,52,2024-04-12 07:49:04.473549+00:00
144,52,2024-04-12 07:49:05.502742+00:00
0,52,2024-04-12 07:49:06.525220+00:00
60,52,2024-04-12 07:49:07.554133+00:00
66,52,2024-04-12 07:49:08.588448+00:00
0,52,2024-04-12 07:49:09.393174+00:00
134,52,2024-04-12 07:49:10.421480+00:00
97,52,2024-04-12 07:49:11.455042+00:00
0,52,2024-04-12 07:49:12.461956+00:00
129,52,2024-04-12 07:49:13.489016+00:00
154,52,2024-04-12 07:49:14.513920+00:00
0,53,2024-04-12 07:49:15.373944+00:00
131,53,2024-04-12 07:49:16.660335+00:00
143,53,2024-04-12 07:49:17.583724+00:00
0,53,2024-04-12 07:49:18.403053+00:00
76,53,2024-04-12 07:49:19.477021+00:00
64,30,2024-04-12 07:49:20.503424+00:00
0,30,2024-04-12 07:49:21.577699+00:00
12,36,2024-04-12 07:49:22.394392+00:00
0,36,2024-04-12 07:49:23.426938+00:00
0,46,2024-04-12 07:49:24.444920+00:00
10,48,2024-04-12 07:49:25.468558+00:00
13,48,2024-04-12 07:49:26.499382+00:00
0,48,2024-04-12 07:49:27.374934+00:00
18,49,2024-04-12 07:49:28.442833+00:00
29,49,2024-04-12 07:49:29.569772+00:00
0,51,2024-04-12 07:49:30.492659+00:00
0,52,2024-04-12 07:49:31.412150+00:00
16,52,2024-04-12 07:49:32.428357+00:00
0,52,2024-04-12 07:49:33.483587+00:00
0,53,2024-04-12 07:49:34.480064+00:00
0,53,2024-04-12 07:49:35.510104+00:00
112,53,2024-04-12 07:49:36.404092+00:00
363,53,2024-04-12 07:49:37.548156+00:00
371,53,2024-04-12 07:49:38.573679+00:00
125,53,2024-04-12 07:49:39.397247+00:00
190,51,2024-04-12 07:49:40.419799+00:00
0,51,2024-04-12 07:49:41.437878+00:00
0,50,2024-04-12 07:49:42.466084+00:00
97,49,2024-04-12 07:49:43.493871+00:00
84,49,2024-04-12 07:49:44.516549+00:00
0,50,2024-04-12 07:49:45.546172+00:00
0,51,2024-04-12 07:49:46.562810+00:00
0,51,2024-04-12 07:49:47.376778+00:00
0,52,2024-04-12 07:49:48.405803+00:00
373,52,2024-04-12 07:49:49.428376+00:00
304,52,2024-04-12 07:49:50.458727+00:00
0,52,2024-04-12 07:49:51.483474+00:00
0,49,2024-04-12 07:49:52.399149+00:00
0,49,2024-04-12 07:49:53.530940+00:00
0,45,2024-04-12 07:49:54.551898+00:00
18,42,2024-04-12 07:49:55.577406+00:00
0,42,2024-04-12 07:49:56.405987+00:00
0,42,2024-04-12 07:49:57.415905+00:00
0,44,2024-04-12 07:49:58.443861+00:00
0,44,2024-04-12 07:49:59.466808+00:00
0,46,2024-04-12 07:50:00.380940+00:00
15,47,2024-04-12 07:50:01.618307+00:00
0,47,2024-04-12 07:50:02.537478+00:00
0,47,2024-04-12 07:50:03.562904+00:00
80,47,2024-04-12 07:50:04.485635+00:00
73,47,2024-04-12 07:50:05.407000+00:00
0,47,2024-04-12 07:50:06.430616+00:00
81,47,2024-04-12 07:50:07.450413+00:00
84,47,2024-04-12 07:50:08.480371+00:00
0,47,2024-04-12 07:50:09.495584+00:00
128,48,2024-04-12 07:50:10.525687+00:00
112,48,2024-04-12 07:50:12.366914+00:00
122,51,2024-04-12 07:50:13.414145+00:00
112,51,2024-04-12 07:50:14.417731+00:00
16,53,2024-04-12 07:50:15.441281+00:00
27,54,2024-04-12 07:50:18.620643+00:00
97,54,2024-04-12 07:50:19.741011+00:00
105,54,2024-04-12 07:50:20.559603+00:00
290,53,2024-04-12 07:50:21.590558+00:00
356,53,2024-04-12 07:50:22.608113+00:00
259,53,2024-04-12 07:50:23.634061+00:00
39,50,2024-04-12 07:50:24.661332+00:00
256,50,2024-04-12 07:50:25.681178+00:00
291,44,2024-04-12 07:50:26.710893+00:00
409,38,2024-04-12 07:50:27.725864+00:00
253,38,2024-04-12 07:50:28.549095+00:00
318,35,2024-04-12 07:50:29.572625+00:00
153,34,2024-04-12 07:50:30.598092+00:00
167,34,2024-04-12 07:50:31.622618+00:00
81,33,2024-04-12 07:50:32.646477+00:00
34,32,2024-04-12 07:50:33.671280+00:00
0,32,2024-04-12 07:50:34.692645+00:00
5,32,2024-04-12 07:50:35.542600+00:00
0,33,2024-04-12 07:50:36.644858+00:00
0,33,2024-04-12 07:50:37.555595+00:00
0,35,2024-04-12 07:50:38.579150+00:00
0,38,2024-04-12 07:50:39.610331+00:00
0,38,2024-04-12 07:50:40.637183+00:00
0,40,2024-04-12 07:50:41.657419+00:00
0,43,2024-04-12 07:50:42.706238+00:00
0,43,2024-04-12 07:50:43.600943+00:00
0,46,2024-04-12 07:50:44.624956+00:00
0,47,2024-04-12 07:50:45.534393+00:00
0,47,2024-04-12 07:50:46.573477+00:00
0,46,2024-04-12 07:50:47.597543+00:00
0,46,2024-04-12 07:50:48.622708+00:00
0,46,2024-04-12 07:50:49.646516+00:00
0,45,2024-04-12 07:50:50.653473+00:00
0,44,2024-04-12 07:50:51.707997+00:00
0,44,2024-04-12 07:50:52.658605+00:00
0,43,2024-04-12 07:50:53.634540+00:00
631,42,2024-04-12 07:50:54.556032+00:00
439,42,2024-04-12 07:50:55.581271+00:00
432,39,2024-04-12 07:50:56.617001+00:00
432,33,2024-04-12 07:50:57.530807+00:00
284,33,2024-04-12 07:50:58.532632+00:00
362,25,2024-04-12 07:50:59.553968+00:00
560,20,2024-04-12 07:51:00.704389+00:00
461,20,2024-04-12 07:51:01.727284+00:00
368,16,2024-04-12 07:51:02.655607+00:00
554,11,2024-04-12 07:51:03.574552+00:00
409,11,2024-04-12 07:51:04.601893+00:00
524,7,2024-04-12 07:51:05.541062+00:00
524,4,2024-04-12 07:51:06.536379+00:00
400,4,2024-04-12 07:51:07.666186+00:00
529,3,2024-04-12 07:51:08.693861+00:00
429,2,2024-04-12 07:51:09.614084+00:00
458,2,2024-04-12 07:51:10.636352+00:00
505,2,2024-04-12 07:51:11.560214+00:00
429,2,2024-04-12 07:51:12.578060+00:00
538,2,2024-04-12 07:51:13.607396+00:00
443,2,2024-04-12 07:51:14.628552+00:00
541,1,2024-04-12 07:51:15.653499+00:00
493,1,2024-04-12 07:51:16.679481+00:00
398,1,2024-04-12 07:51:17.711484+00:00
621,1,2024-04-12 07:51:18.623662+00:00
530,1,2024-04-12 07:51:19.648295+00:00
466,1,2024-04-12 07:51:20.568157+00:00
480,1,2024-04-12 07:51:21.592443+00:00
587,1,2024-04-12 07:51:22.615390+00:00
466,1,2024-04-12 07:51:23.644199+00:00
435,1,2024-04-12 07:51:24.562357+00:00
496,1,2024-04-12 07:51:25.646356+00:00
430,1,2024-04-12 07:51:26.649572+00:00
475,1,2024-04-12 07:51:27.648211+00:00
539,1,2024-04-12 07:51:28.567852+00:00
419,0,2024-04-12 07:51:29.686767+00:00
508,0,2024-04-12 07:51:30.576385+00:00
479,0,2024-04-12 07:51:31.732629+00:00
462,0,2024-04-12 07:51:32.548034+00:00
496,0,2024-04-12 07:51:33.570568+00:00
439,0,2024-04-12 07:51:34.595775+00:00
461,0,2024-04-12 07:51:35.623911+00:00
574,0,2024-04-12 07:51:36.647416+00:00
454,0,2024-04-12 07:51:37.664859+00:00
460,0,2024-04-12 07:51:38.691384+00:00
570,0,2024-04-12 07:51:39.540613+00:00
477,0,2024-04-12 07:51:40.741444+00:00
587,0,2024-04-12 07:51:41.559595+00:00
609,0,2024-04-12 07:51:42.588663+00:00
627,0,2024-04-12 07:51:43.614568+00:00
562,0,2024-04-12 07:51:44.678265+00:00
464,0,2024-04-12 07:51:45.654760+00:00
542,0,2024-04-12 07:51:46.644038+00:00
432,0,2024-04-12 07:51:47.597751+00:00
455,0,2024-04-12 07:51:48.626320+00:00
581,0,2024-04-12 07:51:49.646447+00:00
589,0,2024-04-12 07:51:50.675552+00:00
592,0,2024-04-12 07:51:51.537875+00:00
423,0,2024-04-12 07:51:52.824642+00:00
501,0,2024-04-12 07:51:53.691948+00:00
530,0,2024-04-12 07:51:54.671545+00:00
480,0,2024-04-12 07:51:55.696637+00:00
557,0,2024-04-12 07:51:56.614453+00:00
499,0,2024-04-12 07:51:57.634570+00:00
473,0,2024-04-12 07:51:58.664285+00:00
482,0,2024-04-12 07:51:59.686226+00:00
432,0,2024-04-12 07:52:00.647870+00:00
415,0,2024-04-12 07:52:01.734481+00:00
537,0,2024-04-12 07:52:02.655039+00:00
409,0,2024-04-12 07:52:03.578093+00:00
477,0,2024-04-12 07:52:04.602072+00:00
486,0,2024-04-12 07:52:05.734400+00:00
382,0,2024-04-12 07:52:06.537847+00:00
580,0,2024-04-12 07:52:07.565448+00:00
603,0,2024-04-12 07:52:08.589045+00:00
70,0,2024-04-12 07:52:09.625135+00:00
529,0,2024-04-12 07:52:10.644152+00:00
464,0,2024-04-12 07:52:11.615555+00:00
66,0,2024-04-12 07:52:12.588829+00:00
566,0,2024-04-12 07:52:13.612583+00:00
592,0,2024-04-12 07:52:14.638079+00:00
52,0,2024-04-12 07:52:15.666593+00:00
481,0,2024-04-12 07:52:16.684121+00:00
419,0,2024-04-12 07:52:17.704315+00:00
71,0,2024-04-12 07:52:18.734478+00:00
410,0,2024-04-12 07:52:19.664389+00:00
609,0,2024-04-12 07:52:20.574978+00:00
109,0,2024-04-12 07:52:21.593183+00:00
389,0,2024-04-12 07:52:22.727160+00:00
496,0,2024-04-12 07:52:23.545992+00:00
698,0,2024-04-12 07:52:24.573624+00:00
476,0,2024-04-12 07:52:25.595476+00:00
527,0,2024-04-12 07:52:26.619068+00:00
769,0,2024-04-12 07:52:27.749001+00:00
417,0,2024-04-12 07:52:28.563733+00:00
39,0,2024-04-12 07:52:29.586458+00:00
39,0,2024-04-12 07:52:30.614467+00:00
178,0,2024-04-12 07:52:31.635638+00:00
80,0,2024-04-12 07:52:32.655372+00:00
128,1,2024-04-12 07:52:33.679162+00:00
304,1,2024-04-12 07:52:34.604651+00:00
112,7,2024-04-12 07:52:35.645893+00:00
144,12,2024-04-12 07:52:36.551024+00:00
404,12,2024-04-12 07:52:37.569530+00:00
34,16,2024-04-12 07:52:38.598646+00:00
0,19,2024-04-12 07:52:39.620634+00:00
0,19,2024-04-12 07:52:40.646831+00:00
0,22,2024-04-12 07:52:41.666391+00:00
0,23,2024-04-12 07:52:42.652047+00:00
0,23,2024-04-12 07:52:43.805163+00:00
0,24,2024-04-12 07:52:44.846852+00:00
0,25,2024-04-12 07:52:45.669716+00:00
0,25,2024-04-12 07:52:46.710048+00:00
0,29,2024-04-12 07:52:47.608130+00:00
0,32,2024-04-12 07:52:48.632385+00:00
0,32,2024-04-12 07:52:49.643655+00:00
0,34,2024-04-12 07:52:50.685121+00:00
0,37,2024-04-12 07:52:51.700955+00:00
0,37,2024-04-12 07:52:52.622702+00:00
0,39,2024-04-12 07:52:53.548003+00:00
0,42,2024-04-12 07:52:54.567662+00:00
0,42,2024-04-12 07:52:55.594339+00:00
0,46,2024-04-12 07:52:56.619648+00:00
0,49,2024-04-12 07:52:57.649953+00:00
0,49,2024-04-12 07:52:58.567396+00:00
67,0,2024-04-12 07:53:10.165804+00:00
548,45,2024-04-12 07:53:10.954186+00:00
0,45,2024-04-12 07:53:11.971917+00:00
133,43,2024-04-12 07:53:13.003517+00:00
112,39,2024-04-12 07:53:14.028113+00:00
0,39,2024-04-12 07:53:15.053191+00:00
105,39,2024-04-12 07:53:15.973860+00:00
66,41,2024-04-12 07:53:17.101066+00:00
0,41,2024-04-12 07:53:18.033837+00:00
1,44,2024-04-12 07:53:19.146420+00:00
32,48,2024-04-12 07:53:19.966572+00:00
0,48,2024-04-12 07:53:20.991586+00:00
0,50,2024-04-12 07:53:22.032550+00:00
0,52,2024-04-12 07:53:23.042463+00:00
68,52,2024-04-12 07:53:23.957877+00:00
361,54,2024-04-12 07:53:24.985511+00:00
225,53,2024-04-12 07:53:26.112559+00:00
0,53,2024-04-12 07:53:27.147503+00:00
27,51,2024-04-12 07:53:27.962423+00:00
29,48,2024-04-12 07:53:28.940177+00:00
0,48,2024-04-12 07:53:29.936878+00:00
0,47,2024-04-12 07:53:30.938865+00:00
0,47,2024-04-12 07:53:31.938820+00:00
0,47,2024-04-12 07:53:33.073375+00:00
0,47,2024-04-12 07:53:34.099363+00:00
0,48,2024-04-12 07:53:35.121791+00:00
64,48,2024-04-12 07:53:36.143787+00:00
252,48,2024-04-12 07:53:36.965712+00:00
419,47,2024-04-12 07:53:37.988776+00:00
13,47,2024-04-12 07:53:39.015523+00:00
519,44,2024-04-12 07:53:40.039015+00:00
277,39,2024-04-12 07:53:41.062590+00:00
87,39,2024-04-12 07:53:42.087660+00:00
407,33,2024-04-12 07:53:43.111870+00:00
433,28,2024-04-12 07:53:43.937704+00:00
7,28,2024-04-12 07:53:44.959524+00:00
254,25,2024-04-12 07:53:45.935402+00:00
210,22,2024-04-12 07:53:47.031219+00:00
0,22,2024-04-12 07:53:48.026552+00:00
128,19,2024-04-12 07:53:49.072330+00:00
141,18,2024-04-12 07:53:50.074596+00:00
0,18,2024-04-12 07:53:51.102599+00:00
190,17,2024-04-12 07:53:52.123730+00:00
112,16,2024-04-12 07:53:53.041495+00:00
0,16,2024-04-12 07:53:53.964134+00:00
119,16,2024-04-12 07:53:54.992273+00:00
118,17,2024-04-12 07:53:56.021358+00:00
0,17,2024-04-12 07:53:57.043113+00:00
462,19,2024-04-12 07:53:58.062164+00:00
434,19,2024-04-12 07:53:59.007700+00:00
434,19,2024-04-12 07:54:00.014271+00:00
0,18,2024-04-12 07:54:01.037229+00:00
0,15,2024-04-12 07:54:02.053006+00:00
0,15,2024-04-12 07:54:03.096105+00:00
0,15,2024-04-12 07:54:04.106690+00:00
51,16,2024-04-12 07:54:05.127111+00:00
88,16,2024-04-12 07:54:06.149446+00:00
0,20,2024-04-12 07:54:06.969051+00:00
77,23,2024-04-12 07:54:07.992505+00:00
480,23,2024-04-12 07:54:09.050075+00:00
391,25,2024-04-12 07:54:10.045567+00:00
387,25,2024-04-12 07:54:11.072390+00:00
332,25,2024-04-12 07:54:12.096221+00:00
111,23,2024-04-12 07:54:13.113569+00:00
314,19,2024-04-12 07:54:14.028527+00:00
22,19,2024-04-12 07:54:14.961814+00:00
0,17,2024-04-12 07:54:15.980260+00:00
118,17,2024-04-12 07:54:17.013969+00:00
161,17,2024-04-12 07:54:18.029401+00:00
0,19,2024-04-12 07:54:19.053300+00:00
111,22,2024-04-12 07:54:20.078938+00:00
80,22,2024-04-12 07:54:20.998156+00:00
0,26,2024-04-12 07:54:22.125184+00:00
172,29,2024-04-12 07:54:23.047061+00:00
25,30,2024-04-12 07:54:30.130303+00:00
0,30,2024-04-12 07:54:31.089541+00:00
63,32,2024-04-12 07:54:32.085467+00:00
0,32,2024-04-12 07:54:33.198815+00:00
187,33,2024-04-12 07:54:34.202789+00:00
405,32,2024-04-12 07:54:35.130039+00:00
311,32,2024-04-12 07:54:36.258058+00:00
231,28,2024-04-12 07:54:37.275701+00:00
320,23,2024-04-12 07:54:38.307811+00:00
240,23,2024-04-12 07:54:39.124311+00:00
71,21,2024-04-12 07:54:40.154186+00:00
181,20,2024-04-12 07:54:41.170446+00:00
197,20,2024-04-12 07:54:42.196818+00:00
97,21,2024-04-12 07:54:43.217287+00:00
198,23,2024-04-12 07:54:44.094945+00:00
137,23,2024-04-12 07:54:45.088954+00:00
11,26,2024-04-12 07:54:46.105108+00:00
141,28,2024-04-12 07:54:47.113815+00:00
595,28,2024-04-12 07:54:48.130198+00:00
190,29,2024-04-12 07:54:49.170553+00:00
474,27,2024-04-12 07:54:50.189068+00:00
347,27,2024-04-12 07:54:51.103101+00:00
231,24,2024-04-12 07:54:52.231799+00:00
0,20,2024-04-12 07:54:53.193070+00:00
75,20,2024-04-12 07:54:54.186033+00:00
80,18,2024-04-12 07:54:55.203279+00:00
143,17,2024-04-12 07:54:56.131152+00:00
177,17,2024-04-12 07:54:57.244894+00:00
69,18,2024-04-12 07:55:01.141557+00:00
112,18,2024-04-12 07:55:01.142554+00:00
143,18,2024-04-12 07:55:01.191330+00:00
130,34,2024-04-12 07:55:02.163422+00:00
169,18,2024-04-12 07:55:02.220157+00:00
109,34,2024-04-12 07:55:03.188826+00:00
53,34,2024-04-12 07:55:04.214174+00:00
125,34,2024-04-12 07:55:05.237042+00:00
51,34,2024-04-12 07:55:06.261048+00:00
0,34,2024-04-12 07:55:07.095391+00:00
48,33,2024-04-12 07:55:08.108342+00:00
30,33,2024-04-12 07:55:09.127361+00:00
0,31,2024-04-12 07:55:10.150759+00:00
0,29,2024-04-12 07:55:11.173940+00:00
0,29,2024-04-12 07:55:12.201434+00:00
0,28,2024-04-12 07:55:13.095472+00:00
0,27,2024-04-12 07:55:14.247823+00:00
0,27,2024-04-12 07:55:15.266228+00:00
0,26,2024-04-12 07:55:16.087153+00:00
0,26,2024-04-12 07:55:17.093384+00:00
0,26,2024-04-12 07:55:18.136861+00:00
0,27,2024-04-12 07:55:19.163886+00:00
0,28,2024-04-12 07:55:20.188309+00:00
0,28,2024-04-12 07:55:21.208571+00:00
0,29,2024-04-12 07:55:22.234875+00:00
21,29,2024-04-12 07:55:23.275309+00:00
0,29,2024-04-12 07:55:24.127947+00:00
0,30,2024-04-12 07:55:25.104097+00:00
0,30,2024-04-12 07:55:26.125190+00:00
578,29,2024-04-12 07:55:27.148198+00:00
557,29,2024-04-12 07:55:28.176326+00:00
527,29,2024-04-12 07:55:29.198440+00:00
645,26,2024-04-12 07:55:30.116173+00:00
465,20,2024-04-12 07:55:31.142633+00:00
663,20,2024-04-12 07:55:32.170305+00:00
589,12,2024-04-12 07:55:33.295915+00:00
288,6,2024-04-12 07:55:34.113723+00:00
448,6,2024-04-12 07:55:35.140655+00:00
451,3,2024-04-12 07:55:36.161929+00:00
369,2,2024-04-12 07:55:37.181215+00:00
492,2,2024-04-12 07:55:38.105138+00:00
497,1,2024-04-12 07:55:39.235647+00:00
359,1,2024-04-12 07:55:40.153447+00:00
592,1,2024-04-12 07:55:41.180245+00:00
742,1,2024-04-12 07:55:42.203462+00:00
445,1,2024-04-12 07:55:43.126458+00:00
497,1,2024-04-12 07:55:44.150737+00:00
489,1,2024-04-12 07:55:45.167846+00:00
474,1,2024-04-12 07:55:46.272563+00:00
593,1,2024-04-12 07:55:47.219218+00:00
594,1,2024-04-12 07:55:48.101068+00:00
460,0,2024-04-12 07:55:49.162028+00:00
657,0,2024-04-12 07:55:50.210719+00:00
570,0,2024-04-12 07:55:51.217598+00:00
442,0,2024-04-12 07:55:52.134600+00:00
505,0,2024-04-12 07:55:53.159551+00:00
575,0,2024-04-12 07:55:54.289308+00:00
509,0,2024-04-12 07:55:55.104581+00:00
576,0,2024-04-12 07:55:56.273056+00:00
576,0,2024-04-12 07:55:57.160062+00:00
398,0,2024-04-12 07:55:58.104382+00:00
559,0,2024-04-12 07:55:59.098280+00:00
559,0,2024-04-12 07:56:00.133564+00:00
641,0,2024-04-12 07:56:01.140721+00:00
140,0,2024-04-12 07:56:02.099702+00:00
0,0,2024-04-12 07:56:03.234778+00:00
181,1,2024-04-12 07:56:04.133836+00:00
100,1,2024-04-12 07:56:05.245242+00:00
129,5,2024-04-12 07:56:06.179963+00:00
147,11,2024-04-12 07:56:07.299633+00:00
176,11,2024-04-12 07:56:08.106870+00:00
175,16,2024-04-12 07:56:09.134984+00:00
163,20,2024-04-12 07:56:10.158564+00:00
81,20,2024-04-12 07:56:11.185446+00:00
80,22,2024-04-12 07:56:12.207264+00:00
157,25,2024-04-12 07:56:13.130121+00:00
174,25,2024-04-12 07:56:14.273100+00:00
111,29,2024-04-12 07:56:15.296559+00:00
163,34,2024-04-12 07:56:16.095117+00:00
180,34,2024-04-12 07:56:17.116861+00:00
149,37,2024-04-12 07:56:18.152939+00:00
173,38,2024-04-12 07:56:19.169584+00:00
119,38,2024-04-12 07:56:20.192381+00:00
99,39,2024-04-12 07:56:21.081444+00:00
127,40,2024-04-12 07:56:22.145109+00:00
80,40,2024-04-12 07:56:23.264532+00:00
112,39,2024-04-12 07:56:24.292909+00:00
112,38,2024-04-12 07:56:25.108221+00:00
146,38,2024-04-12 07:56:26.134241+00:00
368,37,2024-04-12 07:56:27.152132+00:00
594,35,2024-04-12 07:56:28.184589+00:00
338,35,2024-04-12 07:56:29.212273+00:00
341,31,2024-04-12 07:56:30.128999+00:00
315,24,2024-04-12 07:56:31.355865+00:00
310,24,2024-04-12 07:56:32.278563+00:00
242,17,2024-04-12 07:56:33.196969+00:00
237,11,2024-04-12 07:56:34.118947+00:00
322,11,2024-04-12 07:56:35.247446+00:00
602,7,2024-04-12 07:56:36.267784+00:00
633,4,2024-04-12 07:56:37.292753+00:00
438,4,2024-04-12 07:56:38.094027+00:00
385,3,2024-04-12 07:56:39.137216+00:00
403,2,2024-04-12 07:56:40.206754+00:00
474,2,2024-04-12 07:56:41.088255+00:00
394,1,2024-04-12 07:56:42.111375+00:00
425,1,2024-04-12 07:56:43.235025+00:00
654,1,2024-04-12 07:56:44.085122+00:00
496,1,2024-04-12 07:56:45.099547+00:00
510,1,2024-04-12 07:56:46.113485+00:00
376,1,2024-04-12 07:56:47.115663+00:00
525,1,2024-04-12 07:56:48.147094+00:00
439,1,2024-04-12 07:56:49.206760+00:00
491,1,2024-04-12 07:56:50.198763+00:00
464,0,2024-04-12 07:56:51.115206+00:00
451,0,2024-04-12 07:56:52.246739+00:00
400,0,2024-04-12 07:56:53.266954+00:00
464,0,2024-04-12 07:56:54.294463+00:00
251,0,2024-04-12 07:56:55.106989+00:00
131,0,2024-04-12 07:56:56.133272+00:00
130,0,2024-04-12 07:56:57.161339+00:00
101,2,2024-04-12 07:56:58.291170+00:00
83,2,2024-04-12 07:56:59.107531+00:00
0,8,2024-04-12 07:57:00.128109+00:00
0,15,2024-04-12 07:57:01.151842+00:00
0,15,2024-04-12 07:57:02.179571+00:00
0,22,2024-04-12 07:57:03.201831+00:00
0,27,2024-04-12 07:57:04.225579+00:00
0,27,2024-04-12 07:57:05.252953+00:00
0,32,2024-04-12 07:57:06.275076+00:00
0,36,2024-04-12 07:57:07.297325+00:00
0,36,2024-04-12 07:57:08.113683+00:00
0,37,2024-04-12 07:57:09.140683+00:00
0,37,2024-04-12 07:57:10.154183+00:00
0,37,2024-04-12 07:57:11.183592+00:00
344,37,2024-04-12 07:57:12.108855+00:00
307,35,2024-04-12 07:57:13.239283+00:00
303,35,2024-04-12 07:57:14.260167+00:00
242,31,2024-04-12 07:57:15.287357+00:00
358,27,2024-04-12 07:57:16.303908+00:00
343,27,2024-04-12 07:57:17.125571+00:00
262,22,2024-04-12 07:57:18.153792+00:00
307,15,2024-04-12 07:57:19.275374+00:00
271,15,2024-04-12 07:57:20.199930+00:00
299,9,2024-04-12 07:57:21.224674+00:00
350,5,2024-04-12 07:57:22.248292+00:00
288,5,2024-04-12 07:57:23.089657+00:00
275,4,2024-04-12 07:57:24.091357+00:00
284,2,2024-04-12 07:57:25.122238+00:00
286,2,2024-04-12 07:57:26.090500+00:00
289,2,2024-04-12 07:57:27.103187+00:00
280,1,2024-04-12 07:57:28.189919+00:00
290,1,2024-04-12 07:57:29.208752+00:00
391,1,2024-04-12 07:57:30.133665+00:00
319,1,2024-04-12 07:57:31.154096+00:00
272,1,2024-04-12 07:57:32.179590+00:00
320,1,2024-04-12 07:57:33.097501+00:00
340,1,2024-04-12 07:57:34.119781+00:00
251,1,2024-04-12 07:57:35.154468+00:00
256,1,2024-04-12 07:57:36.173415+00:00
278,1,2024-04-12 07:57:37.199184+00:00
269,1,2024-04-12 07:57:38.220391+00:00
302,1,2024-04-12 07:57:39.249513+00:00
302,1,2024-04-12 07:57:40.269006+00:00
299,1,2024-04-12 07:57:41.296679+00:00
299,1,2024-04-12 07:57:42.111088+00:00
274,1,2024-04-12 07:57:43.140545+00:00
45,0,2024-04-12 07:57:44.158524+00:00
58,0,2024-04-12 07:57:45.180621+00:00
45,0,2024-04-12 07:57:46.207721+00:00
66,2,2024-04-12 07:57:47.234977+00:00
0,8,2024-04-12 07:57:48.255010+00:00
0,8,2024-04-12 07:57:49.277771+00:00
16,13,2024-04-12 07:57:50.202399+00:00
55,17,2024-04-12 07:57:51.126237+00:00
0,17,2024-04-12 07:57:52.149380+00:00
0,22,2024-04-12 07:57:53.169825+00:00
0,30,2024-04-12 07:57:54.194464+00:00
0,30,2024-04-12 07:57:55.238080+00:00
0,37,2024-04-12 07:57:56.245531+00:00
0,41,2024-04-12 07:57:57.265544+00:00
0,41,2024-04-12 07:57:58.287701+00:00
132,44,2024-04-12 07:57:59.108991+00:00
319,44,2024-04-12 07:58:00.134166+00:00
244,44,2024-04-12 07:58:01.159409+00:00
0,44,2024-04-12 07:58:02.182420+00:00
323,42,2024-04-12 07:58:03.206491+00:00
298,42,2024-04-12 07:58:04.122993+00:00
0,33,2024-04-12 07:58:05.153790+00:00
140,26,2024-04-12 07:58:06.279082+00:00
251,26,2024-04-12 07:58:07.098931+00:00
0,21,2024-04-12 07:58:08.165906+00:00
170,13,2024-04-12 07:58:09.086072+00:00
218,13,2024-04-12 07:58:10.169533+00:00
0,6,2024-04-12 07:58:11.196259+00:00
293,4,2024-04-12 07:58:12.084580+00:00
250,4,2024-04-12 07:58:13.084954+00:00
5,3,2024-04-12 07:58:14.094189+00:00
569,2,2024-04-12 07:58:15.084586+00:00
386,2,2024-04-12 07:58:16.253520+00:00
630,2,2024-04-12 07:58:17.132119+00:00
311,2,2024-04-12 07:58:18.258777+00:00
394,2,2024-04-12 07:58:19.185544+00:00
679,2,2024-04-12 07:58:20.097436+00:00
345,2,2024-04-12 07:58:21.126329+00:00
343,2,2024-04-12 07:58:22.152878+00:00
733,1,2024-04-12 07:58:23.214735+00:00
365,1,2024-04-12 07:58:24.202018+00:00
285,1,2024-04-12 07:58:25.131113+00:00
739,1,2024-04-12 07:58:26.085847+00:00
663,1,2024-04-12 07:58:27.271170+00:00
509,1,2024-04-12 07:58:28.190254+00:00
767,1,2024-04-12 07:58:29.114195+00:00
482,1,2024-04-12 07:58:30.137236+00:00
447,1,2024-04-12 07:58:31.169573+00:00
607,1,2024-04-12 07:58:32.233384+00:00
550,0,2024-04-12 07:58:33.125456+00:00
530,0,2024-04-12 07:58:34.235402+00:00
33,0,2024-04-12 07:58:35.089511+00:00
419,0,2024-04-12 07:58:36.282735+00:00
545,0,2024-04-12 07:58:37.322601+00:00
86,0,2024-04-12 07:58:38.124243+00:00
464,0,2024-04-12 07:58:39.155388+00:00
453,0,2024-04-12 07:58:40.177348+00:00
15,0,2024-04-12 07:58:41.298579+00:00
400,0,2024-04-12 07:58:42.223599+00:00
438,0,2024-04-12 07:58:43.246504+00:00
55,0,2024-04-12 07:58:44.087633+00:00
461,0,2024-04-12 07:58:45.097236+00:00
431,0,2024-04-12 07:58:46.096282+00:00
0,0,2024-04-12 07:58:47.100938+00:00
480,0,2024-04-12 07:58:48.362168+00:00
453,0,2024-04-12 07:58:49.282215+00:00
70,0,2024-04-12 07:58:50.209557+00:00
455,0,2024-04-12 07:58:51.127388+00:00
405,0,2024-04-12 07:58:52.166736+00:00
0,0,2024-04-12 07:58:53.279559+00:00
2,0,2024-04-12 07:58:54.093465+00:00
34,0,2024-04-12 07:58:55.123328+00:00
0,1,2024-04-12 07:58:56.145025+00:00
0,5,2024-04-12 07:58:57.172531+00:00
0,5,2024-04-12 07:58:58.089700+00:00
0,11,2024-04-12 07:58:59.217142+00:00
69,13,2024-04-12 07:59:00.250833+00:00
0,13,2024-04-12 07:59:01.164999+00:00
0,15,2024-04-12 07:59:02.293589+00:00
0,16,2024-04-12 07:59:03.106242+00:00
0,16,2024-04-12 07:59:04.143077+00:00
0,18,2024-04-12 07:59:05.158115+00:00
0,20,2024-04-12 07:59:06.182376+00:00
0,20,2024-04-12 07:59:07.090745+00:00
0,23,2024-04-12 07:59:08.131500+00:00
102,26,2024-04-12 07:59:09.152610+00:00
494,26,2024-04-12 07:59:10.387415+00:00
0,27,2024-04-12 07:59:11.097687+00:00
377,26,2024-04-12 07:59:12.125114+00:00
474,26,2024-04-12 07:59:13.142357+00:00
26,23,2024-04-12 07:59:14.171733+00:00
375,16,2024-04-12 07:59:15.237369+00:00
368,16,2024-04-12 07:59:16.223621+00:00
64,7,2024-04-12 07:59:17.245592+00:00
416,3,2024-04-12 07:59:18.267326+00:00
587,3,2024-04-12 07:59:19.285826+00:00
587,2,2024-04-12 07:59:20.102774+00:00
30,2,2024-04-12 07:59:21.090669+00:00
457,2,2024-04-12 07:59:22.156280+00:00
94,2,2024-04-12 07:59:39.260676+00:00
574,2,2024-04-12 07:59:39.265186+00:00
593,2,2024-04-12 07:59:39.331808+00:00
141,2,2024-04-12 07:59:39.331808+00:00
112,2,2024-04-12 07:59:39.429018+00:00
528,0,2024-04-12 07:59:40.297267+00:00
464,2,2024-04-12 07:59:40.329666+00:00
219,2,2024-04-12 07:59:40.329666+00:00
396,2,2024-04-12 07:59:40.455531+00:00
641,0,2024-04-12 07:59:41.106666+00:00
498,2,2024-04-12 07:59:41.222128+00:00
551,2,2024-04-12 07:59:41.561656+00:00
204,0,2024-04-12 07:59:42.130754+00:00
592,2,2024-04-12 07:59:42.262168+00:00
101,2,2024-04-12 07:59:42.584357+00:00
487,0,2024-04-12 07:59:43.145652+00:00
526,2,2024-04-12 07:59:43.600629+00:00
450,0,2024-04-12 07:59:44.080604+00:00
455,2,2024-04-12 07:59:44.629087+00:00
129,0,2024-04-12 07:59:45.302860+00:00
122,2,2024-04-12 07:59:45.666698+00:00
394,0,2024-04-12 07:59:46.123505+00:00
406,2,2024-04-12 07:59:46.357919+00:00
676,0,2024-04-12 07:59:47.142615+00:00
171,0,2024-04-12 07:59:48.166450+00:00
500,0,2024-04-12 07:59:49.192431+00:00
464,0,2024-04-12 07:59:50.112209+00:00
148,0,2024-04-12 07:59:51.245738+00:00
491,0,2024-04-12 07:59:52.273249+00:00
483,0,2024-04-12 07:59:53.288398+00:00
186,0,2024-04-12 07:59:54.112579+00:00
474,2,2024-04-12 07:59:54.613983+00:00
592,0,2024-04-12 07:59:55.155132+00:00
456,0,2024-04-12 07:59:56.153735+00:00
260,0,2024-04-12 07:59:57.180807+00:00
480,0,2024-04-12 07:59:58.098024+00:00
533,0,2024-04-12 07:59:59.124836+00:00
308,0,2024-04-12 08:00:00.150400+00:00
483,0,2024-04-12 08:00:01.176080+00:00
493,0,2024-04-12 08:00:02.246385+00:00
186,0,2024-04-12 08:00:03.220811+00:00
501,0,2024-04-12 08:00:04.158952+00:00
502,0,2024-04-12 08:00:05.169836+00:00
262,0,2024-04-12 08:00:06.190063+00:00
528,0,2024-04-12 08:00:07.219571+00:00
467,0,2024-04-12 08:00:08.241968+00:00
200,0,2024-04-12 08:00:09.263335+00:00
541,0,2024-04-12 08:00:10.286500+00:00
449,0,2024-04-12 08:00:11.103149+00:00
262,0,2024-04-12 08:00:12.334457+00:00
579,0,2024-04-12 08:00:13.248329+00:00
434,0,2024-04-12 08:00:14.280559+00:00
304,0,2024-04-12 08:00:15.103489+00:00
448,0,2024-04-12 08:00:16.129961+00:00
521,0,2024-04-12 08:00:17.085934+00:00
240,0,2024-04-12 08:00:18.168135+00:00
462,0,2024-04-12 08:00:19.197665+00:00
610,0,2024-04-12 08:00:20.115855+00:00
339,0,2024-04-12 08:00:21.142085+00:00
400,0,2024-04-12 08:00:22.082084+00:00
547,0,2024-04-12 08:00:23.182743+00:00
397,0,2024-04-12 08:00:24.213893+00:00
508,0,2024-04-12 08:00:25.137144+00:00
445,0,2024-04-12 08:00:26.268009+00:00
377,0,2024-04-12 08:00:27.285139+00:00
489,0,2024-04-12 08:00:28.204126+00:00
577,0,2024-04-12 08:00:29.128203+00:00
245,0,2024-04-12 08:00:30.089634+00:00
411,0,2024-04-12 08:00:31.277196+00:00
419,0,2024-04-12 08:00:32.202025+00:00
308,0,2024-04-12 08:00:33.120371+00:00
529,0,2024-04-12 08:00:34.145644+00:00
495,0,2024-04-12 08:00:35.170987+00:00
382,0,2024-04-12 08:00:36.272588+00:00
524,0,2024-04-12 08:00:37.118375+00:00
482,0,2024-04-12 08:00:38.139098+00:00
303,0,2024-04-12 08:00:39.160895+00:00
416,0,2024-04-12 08:00:40.291005+00:00
463,0,2024-04-12 08:00:41.107738+00:00
336,0,2024-04-12 08:00:42.144296+00:00
604,0,2024-04-12 08:00:43.156623+00:00
556,0,2024-04-12 08:00:44.097951+00:00
364,0,2024-04-12 08:00:45.103232+00:00
612,0,2024-04-12 08:00:46.106235+00:00
507,0,2024-04-12 08:00:47.121182+00:00
338,0,2024-04-12 08:00:48.172041+00:00
637,0,2024-04-12 08:00:49.201802+00:00
574,0,2024-04-12 08:00:50.223603+00:00
365,0,2024-04-12 08:00:51.145444+00:00
470,0,2024-04-12 08:00:52.278436+00:00
602,0,2024-04-12 08:00:53.309166+00:00
413,0,2024-04-12 08:00:54.118037+00:00
467,0,2024-04-12 08:00:55.180001+00:00
497,0,2024-04-12 08:00:56.155179+00:00
429,0,2024-04-12 08:00:57.192159+00:00
496,0,2024-04-12 08:00:58.104479+00:00
560,0,2024-04-12 08:00:59.135503+00:00
501,0,2024-04-12 08:01:00.089299+00:00
487,0,2024-04-12 08:01:01.273235+00:00
471,0,2024-04-12 08:01:02.082030+00:00
471,0,2024-04-12 08:01:03.093253+00:00
494,0,2024-04-12 08:01:04.088351+00:00
528,0,2024-04-12 08:01:05.084036+00:00
479,0,2024-04-12 08:01:06.191762+00:00
389,0,2024-04-12 08:01:07.119556+00:00
530,0,2024-04-12 08:01:08.142393+00:00
265,0,2024-04-12 08:01:09.181166+00:00
254,0,2024-04-12 08:01:10.083373+00:00
223,0,2024-04-12 08:01:11.123477+00:00
165,0,2024-04-12 08:01:12.133727+00:00
174,0,2024-04-12 08:01:13.160434+00:00
144,2,2024-04-12 08:01:14.095279+00:00
209,13,2024-04-12 08:01:15.081402+00:00
107,13,2024-04-12 08:01:16.174484+00:00
148,22,2024-04-12 08:01:17.081906+00:00
151,22,2024-04-12 08:01:18.165083+00:00
80,27,2024-04-12 08:01:19.303399+00:00
48,32,2024-04-12 08:01:20.123576+00:00
80,32,2024-04-12 08:01:21.176825+00:00
0,34,2024-04-12 08:01:22.171474+00:00
65,37,2024-04-12 08:01:23.201018+00:00
94,37,2024-04-12 08:01:24.134752+00:00
112,41,2024-04-12 08:01:25.255709+00:00
124,43,2024-04-12 08:01:26.159339+00:00
201,43,2024-04-12 08:01:27.295134+00:00
129,44,2024-04-12 08:01:28.116858+00:00
158,43,2024-04-12 08:01:29.146732+00:00
410,43,2024-04-12 08:01:30.088603+00:00
278,42,2024-04-12 08:01:31.184333+00:00
267,38,2024-04-12 08:01:32.104337+00:00
258,38,2024-04-12 08:01:33.335109+00:00
297,31,2024-04-12 08:01:34.151985+00:00
309,24,2024-04-12 08:01:35.174790+00:00
288,24,2024-04-12 08:01:36.196337+00:00
239,18,2024-04-12 08:01:37.186320+00:00
333,12,2024-04-12 08:01:38.148551+00:00
325,12,2024-04-12 08:01:39.170204+00:00
546,7,2024-04-12 08:01:40.190091+00:00
668,5,2024-04-12 08:01:41.112108+00:00
601,5,2024-04-12 08:01:42.227773+00:00
557,3,2024-04-12 08:01:43.275728+00:00
606,2,2024-04-12 08:01:44.268495+00:00
613,2,2024-04-12 08:01:45.254994+00:00
500,1,2024-04-12 08:01:46.132073+00:00
326,1,2024-04-12 08:01:47.159661+00:00
250,1,2024-04-12 08:01:48.188674+00:00
144,1,2024-04-12 08:01:49.097686+00:00
109,2,2024-04-12 08:01:50.086574+00:00
114,2,2024-04-12 08:01:51.256970+00:00
134,6,2024-04-12 08:01:52.175844+00:00
74,12,2024-04-12 08:01:53.302454+00:00
123,12,2024-04-12 08:01:54.122105+00:00
97,15,2024-04-12 08:01:55.098164+00:00
0,17,2024-04-12 08:01:56.163176+00:00
208,17,2024-04-12 08:01:57.199888+00:00
561,18,2024-04-12 08:01:58.111358+00:00
279,18,2024-04-12 08:01:59.082997+00:00
320,18,2024-04-12 08:02:00.088136+00:00
302,16,2024-04-12 08:02:01.188165+00:00
257,12,2024-04-12 08:02:02.084002+00:00
560,12,2024-04-12 08:02:03.284999+00:00
546,7,2024-04-12 08:02:04.169413+00:00
503,4,2024-04-12 08:02:05.178689+00:00
353,4,2024-04-12 08:02:06.101243+00:00
553,2,2024-04-12 08:02:07.124017+00:00
288,2,2024-04-12 08:02:08.147836+00:00
336,2,2024-04-12 08:02:09.181874+00:00
443,1,2024-04-12 08:02:10.091174+00:00
347,1,2024-04-12 08:02:11.132224+00:00
400,1,2024-04-12 08:02:12.250485+00:00
422,1,2024-04-12 08:02:13.082729+00:00
351,1,2024-04-12 08:02:14.291403+00:00
407,1,2024-04-12 08:02:15.112925+00:00
399,0,2024-04-12 08:02:16.133152+00:00
310,0,2024-04-12 08:02:17.157244+00:00
304,0,2024-04-12 08:02:18.195268+00:00
424,0,2024-04-12 08:02:19.310660+00:00
403,0,2024-04-12 08:02:20.131672+00:00
400,0,2024-04-12 08:02:21.161152+00:00
261,0,2024-04-12 08:02:22.088011+00:00
285,0,2024-04-12 08:02:23.091080+00:00
246,0,2024-04-12 08:02:24.170966+00:00
370,0,2024-04-12 08:02:25.261721+00:00
254,0,2024-04-12 08:02:26.282191+00:00
349,0,2024-04-12 08:02:27.303739+00:00
253,0,2024-04-12 08:02:28.220237+00:00
285,0,2024-04-12 08:02:29.246907+00:00
295,0,2024-04-12 08:02:30.107055+00:00
337,0,2024-04-12 08:02:31.185722+00:00
304,0,2024-04-12 08:02:32.223035+00:00
474,0,2024-04-12 08:02:33.239455+00:00
435,0,2024-04-12 08:02:34.262317+00:00
240,0,2024-04-12 08:02:35.500695+00:00
454,0,2024-04-12 08:02:36.103357+00:00
533,0,2024-04-12 08:02:37.132091+00:00
522,0,2024-04-12 08:02:38.153083+00:00
390,0,2024-04-12 08:02:39.169325+00:00
339,0,2024-04-12 08:02:40.096976+00:00
454,0,2024-04-12 08:02:41.119443+00:00
490,0,2024-04-12 08:02:42.358175+00:00
398,0,2024-04-12 08:02:43.174549+00:00
398,0,2024-04-12 08:02:44.110183+00:00
333,0,2024-04-12 08:02:45.148589+00:00
335,0,2024-04-12 08:02:46.172919+00:00
378,0,2024-04-12 08:02:47.129034+00:00
266,0,2024-04-12 08:02:48.308569+00:00
106,0,2024-04-12 08:02:49.324260+00:00
201,0,2024-04-12 08:02:50.136050+00:00
144,0,2024-04-12 08:02:51.167800+00:00
0,2,2024-04-12 08:02:52.284337+00:00
80,6,2024-04-12 08:02:53.112865+00:00
59,6,2024-04-12 08:02:54.226808+00:00
0,9,2024-04-12 08:02:55.257842+00:00
53,10,2024-04-12 08:02:56.173616+00:00
0,10,2024-04-12 08:02:57.200653+00:00
0,10,2024-04-12 08:02:58.122272+00:00
18,10,2024-04-12 08:02:59.249447+00:00
162,10,2024-04-12 08:03:00.270842+00:00
0,10,2024-04-12 08:03:01.300737+00:00
132,10,2024-04-12 08:03:02.112571+00:00
118,10,2024-04-12 08:03:03.144386+00:00
0,10,2024-04-12 08:03:04.174430+00:00
142,10,2024-04-12 08:03:05.187041+00:00
80,10,2024-04-12 08:03:06.217331+00:00
433,10,2024-04-12 08:03:07.251763+00:00
0,9,2024-04-12 08:03:08.157023+00:00
77,9,2024-04-12 08:03:09.280809+00:00
686,9,2024-04-12 08:03:10.179544+00:00
266,9,2024-04-12 08:03:11.126158+00:00
259,9,2024-04-12 08:03:12.151220+00:00
703,7,2024-04-12 08:03:13.182712+00:00
288,4,2024-04-12 08:03:14.191958+00:00
243,4,2024-04-12 08:03:15.217100+00:00
0,2,2024-04-12 08:03:16.146425+00:00
294,1,2024-04-12 08:03:17.383130+00:00
201,1,2024-04-12 08:03:18.333920+00:00
0,1,2024-04-12 08:03:19.115993+00:00
218,1,2024-04-12 08:03:20.245688+00:00
269,1,2024-04-12 08:03:21.271562+00:00
0,1,2024-04-12 08:03:22.191168+00:00
249,1,2024-04-12 08:03:23.107019+00:00
250,1,2024-04-12 08:03:24.134256+00:00
0,1,2024-04-12 08:03:25.255342+00:00
142,1,2024-04-12 08:03:26.181175+00:00
192,1,2024-04-12 08:03:27.199764+00:00
0,1,2024-04-12 08:03:28.127663+00:00
105,3,2024-04-12 08:03:29.162768+00:00
199,3,2024-04-12 08:03:30.178157+00:00
0,5,2024-04-12 08:03:31.193775+00:00
38,7,2024-04-12 08:03:32.122129+00:00
0,7,2024-04-12 08:03:33.145032+00:00
0,9,2024-04-12 08:03:34.159766+00:00
0,14,2024-04-12 08:03:35.188943+00:00
0,14,2024-04-12 08:03:36.116440+00:00
0,20,2024-04-12 08:03:37.342455+00:00
0,27,2024-04-12 08:03:38.093314+00:00
0,27,2024-04-12 08:03:39.231088+00:00
0,33,2024-04-12 08:03:40.111454+00:00
0,36,2024-04-12 08:03:41.130304+00:00
0,36,2024-04-12 08:03:42.145936+00:00
0,38,2024-04-12 08:03:43.187204+00:00
0,41,2024-04-12 08:03:44.200367+00:00
0,41,2024-04-12 08:03:45.224766+00:00
0,43,2024-04-12 08:03:46.083181+00:00
0,44,2024-04-12 08:03:47.091106+00:00
0,44,2024-04-12 08:03:48.303167+00:00
0,45,2024-04-12 08:03:49.115398+00:00
299,46,2024-04-12 08:03:50.136299+00:00
256,46,2024-04-12 08:03:51.165147+00:00
0,46,2024-04-12 08:03:52.189123+00:00
256,43,2024-04-12 08:03:53.106004+00:00
275,43,2024-04-12 08:03:54.234037+00:00
22,39,2024-04-12 08:03:55.151591+00:00
313,37,2024-04-12 08:03:56.292063+00:00
262,37,2024-04-12 08:03:57.101708+00:00
0,34,2024-04-12 08:03:58.125899+00:00
240,31,2024-04-12 08:03:59.147783+00:00
345,31,2024-04-12 08:04:00.178250+00:00
0,26,2024-04-12 08:04:01.196847+00:00
260,19,2024-04-12 08:04:02.220798+00:00
391,19,2024-04-12 08:04:03.138304+00:00
0,13,2024-04-12 08:04:04.142340+00:00
408,8,2024-04-12 08:04:05.297970+00:00
423,8,2024-04-12 08:04:06.119388+00:00
0,6,2024-04-12 08:04:07.144373+00:00
65,4,2024-04-12 08:04:08.089096+00:00
128,4,2024-04-12 08:04:09.192476+00:00
202,3,2024-04-12 08:04:10.110772+00:00
773,2,2024-04-12 08:04:11.236784+00:00
637,2,2024-04-12 08:04:12.261514+00:00
163,1,2024-04-12 08:04:13.175323+00:00
487,1,2024-04-12 08:04:14.195238+00:00
495,1,2024-04-12 08:04:15.238653+00:00
275,1,2024-04-12 08:04:16.151847+00:00
540,1,2024-04-12 08:04:17.378656+00:00
442,1,2024-04-12 08:04:18.300286+00:00
81,1,2024-04-12 08:04:19.223476+00:00
588,1,2024-04-12 08:04:20.140698+00:00
480,1,2024-04-12 08:04:21.168022+00:00
160,1,2024-04-12 08:04:22.294646+00:00
528,0,2024-04-12 08:04:23.118095+00:00
528,0,2024-04-12 08:04:24.146584+00:00
563,0,2024-04-12 08:04:25.160127+00:00
140,0,2024-04-12 08:04:26.296792+00:00
526,0,2024-04-12 08:04:27.102841+00:00
519,0,2024-04-12 08:04:28.133912+00:00
177,0,2024-04-12 08:04:29.150577+00:00
432,0,2024-04-12 08:04:30.185140+00:00
447,0,2024-04-12 08:04:31.206076+00:00
163,0,2024-04-12 08:04:32.229030+00:00
458,0,2024-04-12 08:04:33.147923+00:00
503,0,2024-04-12 08:04:34.271643+00:00
