break_value,accel_value,speed,timestamp
0.0,0.0,0.0,2024-04-12 07:20:46.896574+00:00
0.0,0.0,0.0,2024-04-12 07:20:47.932677+00:00
0.0,0.0,0.0,2024-04-12 07:20:48.839709+00:00
0.0,0.0,0.0,2024-04-12 07:20:49.983170+00:00
687.0,0.0,0.0,2024-04-12 07:20:50.802138+00:00
482.0,0.0,0.0,2024-04-12 07:20:51.942946+00:00
816.0,0.0,0.0,2024-04-12 07:20:52.987378+00:00
683.0,0.0,0.0,2024-04-12 07:20:53.877037+00:00
336.0,0.0,1.0,2024-04-12 07:20:55.011881+00:00
552.0,0.0,1.0,2024-04-12 07:20:55.849101+00:00
268.0,0.0,1.0,2024-04-12 07:20:56.948864+00:00
0.0,0.0,1.0,2024-04-12 07:20:57.970767+00:00
321.0,0.0,1.0,2024-04-12 07:20:58.998654+00:00
496.0,0.0,4.0,2024-04-12 07:20:59.816342+00:00
182.0,0.0,4.0,2024-04-12 07:21:00.836690+00:00
460.0,0.0,4.0,2024-04-12 07:21:01.864747+00:00
315.0,0.0,4.0,2024-04-12 07:21:02.790667+00:00
0.0,0.0,4.0,2024-04-12 07:21:03.812223+00:00
268.0,0.0,1.0,2024-04-12 07:21:04.939276+00:00
240.0,0.0,1.0,2024-04-12 07:21:05.956881+00:00
108.0,0.0,1.0,2024-04-12 07:21:07.034194+00:00
249.0,0.0,1.0,2024-04-12 07:21:07.807519+00:00
0.0,0.0,1.0,2024-04-12 07:21:08.836570+00:00
0.0,0.0,3.0,2024-04-12 07:21:09.847238+00:00
0.0,0.0,3.0,2024-04-12 07:21:10.880285+00:00
0.0,0.0,3.0,2024-04-12 07:21:11.905204+00:00
0.0,0.0,3.0,2024-04-12 07:21:12.797810+00:00
0.0,0.0,3.0,2024-04-12 07:21:13.847258+00:00
0.0,0.0,5.0,2024-04-12 07:21:14.786958+00:00
0.0,0.0,5.0,2024-04-12 07:21:15.994420+00:00
0.0,0.0,5.0,2024-04-12 07:21:16.810564+00:00
0.0,0.0,5.0,2024-04-12 07:21:17.835673+00:00
0.0,0.0,5.0,2024-04-12 07:21:18.857427+00:00
0.0,0.0,5.0,2024-04-12 07:21:19.888602+00:00
0.0,0.0,5.0,2024-04-12 07:21:20.913659+00:00
0.0,0.0,5.0,2024-04-12 07:21:21.935026+00:00
0.0,0.0,5.0,2024-04-12 07:21:22.959073+00:00
297.0,0.0,5.0,2024-04-12 07:21:23.807686+00:00
267.0,0.0,3.0,2024-04-12 07:21:24.800843+00:00
0.0,0.0,3.0,2024-04-12 07:21:25.822278+00:00
274.0,0.0,3.0,2024-04-12 07:21:26.850996+00:00
0.0,0.0,3.0,2024-04-12 07:21:27.870460+00:00
0.0,0.0,3.0,2024-04-12 07:21:28.894815+00:00
16.0,0.0,5.0,2024-04-12 07:21:29.919250+00:00
21.0,0.0,5.0,2024-04-12 07:21:30.801238+00:00
0.0,0.0,5.0,2024-04-12 07:21:31.968495+00:00
0.0,0.0,5.0,2024-04-12 07:21:32.892935+00:00
0.0,0.0,5.0,2024-04-12 07:21:33.811035+00:00
0.0,0.0,5.0,2024-04-12 07:21:34.839113+00:00
0.0,0.0,5.0,2024-04-12 07:21:35.855461+00:00
0.0,0.0,5.0,2024-04-12 07:21:36.889731+00:00
0.0,0.0,5.0,2024-04-12 07:21:37.794369+00:00
0.0,0.0,5.0,2024-04-12 07:21:38.827921+00:00
401.0,0.0,5.0,2024-04-12 07:21:39.953230+00:00
304.0,0.0,5.0,2024-04-12 07:21:40.988362+00:00
337.0,0.0,5.0,2024-04-12 07:21:41.845205+00:00
453.0,0.0,5.0,2024-04-12 07:21:42.827200+00:00
333.0,0.0,5.0,2024-04-12 07:21:43.849483+00:00
249.0,0.0,3.0,2024-04-12 07:21:44.791944+00:00
0.0,0.0,3.0,2024-04-12 07:21:45.897661+00:00
0.0,164.0,3.0,2024-04-12 07:21:46.918948+00:00
48.0,137.0,3.0,2024-04-12 07:21:47.947311+00:00
51.0,0.0,3.0,2024-04-12 07:21:48.868870+00:00
46.0,129.0,2.0,2024-04-12 07:21:49.988560+00:00
42.0,139.0,2.0,2024-04-12 07:21:50.808884+00:00
48.0,0.0,2.0,2024-04-12 07:21:51.787392+00:00
0.0,146.0,2.0,2024-04-12 07:21:52.857534+00:00
0.0,135.0,2.0,2024-04-12 07:21:53.886004+00:00
0.0,0.0,3.0,2024-04-12 07:21:54.789990+00:00
0.0,0.0,3.0,2024-04-12 07:21:55.932430+00:00
272.0,0.0,3.0,2024-04-12 07:21:56.957450+00:00
371.0,0.0,3.0,2024-04-12 07:21:57.979268+00:00
254.0,0.0,3.0,2024-04-12 07:21:58.822539+00:00
242.0,0.0,3.0,2024-04-12 07:21:59.826119+00:00
400.0,0.0,3.0,2024-04-12 07:22:00.845229+00:00
227.0,0.0,3.0,2024-04-12 07:22:01.910278+00:00
277.0,0.0,3.0,2024-04-12 07:22:02.915144+00:00
230.0,0.0,3.0,2024-04-12 07:22:03.830795+00:00
176.0,0.0,3.0,2024-04-12 07:22:04.935646+00:00
236.0,0.0,3.0,2024-04-12 07:22:05.800026+00:00
240.0,0.0,3.0,2024-04-12 07:22:07.036107+00:00
309.0,0.0,3.0,2024-04-12 07:22:07.805715+00:00
213.0,0.0,3.0,2024-04-12 07:22:08.828577+00:00
315.0,0.0,2.0,2024-04-12 07:22:09.852661+00:00
128.0,0.0,2.0,2024-04-12 07:22:10.882340+00:00
153.0,127.0,2.0,2024-04-12 07:22:11.909992+00:00
189.0,0.0,2.0,2024-04-12 07:22:12.788124+00:00
116.0,136.0,2.0,2024-04-12 07:22:13.953953+00:00
113.0,125.0,1.0,2024-04-12 07:22:14.987184+00:00
159.0,0.0,1.0,2024-04-12 07:22:15.995623+00:00
113.0,101.0,1.0,2024-04-12 07:22:16.866201+00:00
103.0,119.0,1.0,2024-04-12 07:22:17.845000+00:00
93.0,0.0,1.0,2024-04-12 07:22:18.864242+00:00
87.0,121.0,2.0,2024-04-12 07:22:19.856920+00:00
106.0,103.0,2.0,2024-04-12 07:22:20.828964+00:00
151.0,0.0,2.0,2024-04-12 07:22:21.884312+00:00
125.0,126.0,2.0,2024-04-12 07:22:22.901735+00:00
144.0,114.0,2.0,2024-04-12 07:22:24.099154+00:00
130.0,0.0,5.0,2024-04-12 07:22:25.027868+00:00
362.0,0.0,5.0,2024-04-12 07:22:26.053867+00:00
640.0,0.0,5.0,2024-04-12 07:22:26.901263+00:00
402.0,0.0,5.0,2024-04-12 07:22:27.957505+00:00
260.0,0.0,5.0,2024-04-12 07:22:28.802098+00:00
285.0,0.0,6.0,2024-04-12 07:22:29.785613+00:00
115.0,0.0,6.0,2024-04-12 07:22:30.850473+00:00
6.0,154.0,6.0,2024-04-12 07:22:31.925818+00:00
99.0,138.0,6.0,2024-04-12 07:22:32.944093+00:00
69.0,0.0,6.0,2024-04-12 07:22:33.823899+00:00
75.0,142.0,6.0,2024-04-12 07:22:34.789789+00:00
97.0,144.0,9.0,2024-04-12 07:22:35.972828+00:00
101.0,0.0,9.0,2024-04-12 07:22:37.039238+00:00
142.0,135.0,9.0,2024-04-12 07:22:37.816845+00:00
96.0,150.0,9.0,2024-04-12 07:22:38.850604+00:00
79.0,0.0,7.0,2024-04-12 07:22:39.858541+00:00
84.0,134.0,7.0,2024-04-12 07:22:40.788679+00:00
102.0,0.0,7.0,2024-04-12 07:22:41.904740+00:00
435.0,0.0,8.0,2024-04-12 07:22:42.940086+00:00
400.0,0.0,9.0,2024-04-12 07:22:43.959149+00:00
257.0,0.0,9.0,2024-04-12 07:22:44.882434+00:00
113.0,0.0,9.0,2024-04-12 07:22:45.898595+00:00
131.0,128.0,7.0,2024-04-12 07:22:46.817250+00:00
101.0,138.0,7.0,2024-04-12 07:22:47.784788+00:00
86.0,0.0,6.0,2024-04-12 07:22:49.075600+00:00
119.0,137.0,6.0,2024-04-12 07:22:49.994835+00:00
160.0,135.0,6.0,2024-04-12 07:22:50.816536+00:00
167.0,0.0,6.0,2024-04-12 07:22:51.839316+00:00
159.0,126.0,6.0,2024-04-12 07:22:52.857750+00:00
145.0,128.0,6.0,2024-04-12 07:22:53.887318+00:00
123.0,0.0,7.0,2024-04-12 07:22:54.786195+00:00
435.0,0.0,7.0,2024-04-12 07:22:55.938548+00:00
291.0,0.0,7.0,2024-04-12 07:22:56.798379+00:00
283.0,0.0,8.0,2024-04-12 07:22:57.984793+00:00
163.0,0.0,8.0,2024-04-12 07:22:58.797871+00:00
334.0,0.0,8.0,2024-04-12 07:22:59.785587+00:00
457.0,0.0,8.0,2024-04-12 07:23:00.846701+00:00
457.0,0.0,8.0,2024-04-12 07:23:01.789142+00:00
457.0,0.0,8.0,2024-04-12 07:23:02.905608+00:00
457.0,0.0,8.0,2024-04-12 07:23:03.925699+00:00
457.0,0.0,8.0,2024-04-12 07:23:04.952322+00:00
457.0,0.0,8.0,2024-04-12 07:23:05.979185+00:00
457.0,0.0,7.0,2024-04-12 07:23:06.999152+00:00
457.0,0.0,7.0,2024-04-12 07:23:07.814404+00:00
457.0,0.0,7.0,2024-04-12 07:23:08.789566+00:00
457.0,0.0,6.0,2024-04-12 07:23:09.970597+00:00
457.0,0.0,4.0,2024-04-12 07:23:10.991561+00:00
457.0,0.0,4.0,2024-04-12 07:23:12.015366+00:00
457.0,0.0,3.0,2024-04-12 07:23:12.833882+00:00
457.0,0.0,2.0,2024-04-12 07:23:13.866405+00:00
457.0,0.0,2.0,2024-04-12 07:23:14.794388+00:00
457.0,0.0,1.0,2024-04-12 07:23:15.789574+00:00
457.0,0.0,1.0,2024-04-12 07:23:16.791519+00:00
457.0,0.0,1.0,2024-04-12 07:23:18.055501+00:00
457.0,0.0,1.0,2024-04-12 07:23:18.885925+00:00
457.0,0.0,1.0,2024-04-12 07:23:19.794897+00:00
457.0,0.0,1.0,2024-04-12 07:23:20.835226+00:00
457.0,0.0,1.0,2024-04-12 07:23:21.850399+00:00
457.0,0.0,1.0,2024-04-12 07:23:22.792607+00:00
457.0,0.0,1.0,2024-04-12 07:23:23.893757+00:00
457.0,0.0,1.0,2024-04-12 07:23:24.782888+00:00
457.0,0.0,1.0,2024-04-12 07:23:25.986152+00:00
457.0,0.0,1.0,2024-04-12 07:23:27.001722+00:00
457.0,0.0,1.0,2024-04-12 07:23:27.883314+00:00
457.0,0.0,0.0,2024-04-12 07:23:28.806470+00:00
457.0,0.0,0.0,2024-04-12 07:23:29.793372+00:00
457.0,0.0,0.0,2024-04-12 07:23:30.861575+00:00
457.0,0.0,0.0,2024-04-12 07:23:31.975761+00:00
457.0,0.0,0.0,2024-04-12 07:23:32.906952+00:00
457.0,0.0,0.0,2024-04-12 07:23:33.930754+00:00
457.0,0.0,0.0,2024-04-12 07:23:34.949534+00:00
457.0,93.0,0.0,2024-04-12 07:23:35.872722+00:00
457.0,71.0,0.0,2024-04-12 07:23:36.782848+00:00
457.0,0.0,1.0,2024-04-12 07:23:37.816730+00:00
457.0,113.0,1.0,2024-04-12 07:23:38.838859+00:00
457.0,128.0,6.0,2024-04-12 07:23:39.864920+00:00
457.0,0.0,10.0,2024-04-12 07:23:40.889461+00:00
457.0,128.0,10.0,2024-04-12 07:23:41.911139+00:00
457.0,126.0,12.0,2024-04-12 07:23:42.835892+00:00
457.0,0.0,14.0,2024-04-12 07:23:43.793756+00:00
457.0,112.0,14.0,2024-04-12 07:23:44.999955+00:00
457.0,114.0,16.0,2024-04-12 07:23:45.890229+00:00
457.0,14.0,19.0,2024-04-12 07:23:46.827488+00:00
457.0,107.0,19.0,2024-04-12 07:23:47.856925+00:00
457.0,0.0,22.0,2024-04-12 07:23:48.876981+00:00
457.0,11.0,27.0,2024-04-12 07:23:49.902533+00:00
457.0,101.0,27.0,2024-04-12 07:23:50.786377+00:00
457.0,29.0,31.0,2024-04-12 07:23:51.926002+00:00
457.0,0.0,33.0,2024-04-12 07:23:52.976224+00:00
457.0,0.0,33.0,2024-04-12 07:23:54.000743+00:00
457.0,0.0,34.0,2024-04-12 07:23:54.783698+00:00
457.0,0.0,36.0,2024-04-12 07:23:55.843692+00:00
457.0,0.0,36.0,2024-04-12 07:23:56.862517+00:00
457.0,0.0,33.0,2024-04-12 07:23:57.796424+00:00
457.0,0.0,27.0,2024-04-12 07:23:58.808830+00:00
457.0,0.0,27.0,2024-04-12 07:23:59.882967+00:00
457.0,0.0,24.0,2024-04-12 07:24:00.898626+00:00
457.0,0.0,25.0,2024-04-12 07:24:01.920101+00:00
457.0,0.0,25.0,2024-04-12 07:24:02.806328+00:00
457.0,0.0,26.0,2024-04-12 07:24:03.834106+00:00
457.0,0.0,27.0,2024-04-12 07:24:04.783402+00:00
457.0,0.0,27.0,2024-04-12 07:24:05.879219+00:00
457.0,0.0,27.0,2024-04-12 07:24:06.897663+00:00
457.0,0.0,24.0,2024-04-12 07:24:07.928410+00:00
457.0,0.0,24.0,2024-04-12 07:24:08.947253+00:00
0.0,0.0,1.0,2024-04-12 07:24:14.614481+00:00
0.0,0.0,1.0,2024-04-12 07:24:15.412272+00:00
0.0,0.0,1.0,2024-04-12 07:24:16.525774+00:00
0.0,0.0,1.0,2024-04-12 07:24:17.445823+00:00
0.0,0.0,1.0,2024-04-12 07:24:18.470592+00:00
0.0,0.0,1.0,2024-04-12 07:24:19.498490+00:00
0.0,0.0,1.0,2024-04-12 07:24:20.361130+00:00
0.0,0.0,1.0,2024-04-12 07:24:26.358340+00:00
0.0,0.0,0.0,2024-04-12 07:24:27.267908+00:00
0.0,0.0,0.0,2024-04-12 07:24:28.303789+00:00
0.0,0.0,0.0,2024-04-12 07:24:29.422847+00:00
0.0,0.0,0.0,2024-04-12 07:24:30.453846+00:00
0.0,0.0,0.0,2024-04-12 07:24:31.278532+00:00
0.0,0.0,0.0,2024-04-12 07:24:32.296535+00:00
0.0,0.0,0.0,2024-04-12 07:24:33.421366+00:00
0.0,0.0,0.0,2024-04-12 07:24:34.485202+00:00
0.0,0.0,0.0,2024-04-12 07:24:35.269427+00:00
0.0,0.0,0.0,2024-04-12 07:24:36.288369+00:00
0.0,141.0,0.0,2024-04-12 07:24:41.453452+00:00
0.0,93.0,0.0,2024-04-12 07:24:41.453452+00:00
0.0,0.0,0.0,2024-04-12 07:24:41.502534+00:00
0.0,141.0,0.0,2024-04-12 07:24:42.236376+00:00
0.0,142.0,0.0,2024-04-12 07:24:42.354762+00:00
0.0,93.0,0.0,2024-04-12 07:24:43.349699+00:00
0.0,0.0,0.0,2024-04-12 07:25:05.615432+00:00
0.0,0.0,0.0,2024-04-12 07:25:06.498990+00:00
0.0,0.0,29.0,2024-04-12 07:25:07.520423+00:00
0.0,0.0,29.0,2024-04-12 07:25:08.444198+00:00
0.0,0.0,22.0,2024-04-12 07:25:09.567902+00:00
0.0,0.0,10.0,2024-04-12 07:25:10.594308+00:00
0.0,0.0,10.0,2024-04-12 07:25:11.626293+00:00
0.0,137.0,5.0,2024-04-12 07:25:41.936450+00:00
0.0,0.0,6.0,2024-04-12 07:25:42.954444+00:00
0.0,112.0,14.0,2024-04-12 07:25:43.974836+00:00
0.0,86.0,14.0,2024-04-12 07:25:45.005057+00:00
0.0,113.0,23.0,2024-04-12 07:25:46.025996+00:00
0.0,131.0,27.0,2024-04-12 07:25:47.053849+00:00
0.0,107.0,27.0,2024-04-12 07:25:48.079160+00:00
0.0,0.0,32.0,2024-04-12 07:25:48.892788+00:00
0.0,0.0,41.0,2024-04-12 07:25:54.111396+00:00
0.0,0.0,43.0,2024-04-12 07:25:54.111396+00:00
0.0,55.0,36.0,2024-04-12 07:25:54.169284+00:00
0.0,0.0,43.0,2024-04-12 07:25:54.932545+00:00
0.0,0.0,36.0,2024-04-12 07:25:54.979485+00:00
0.0,0.0,44.0,2024-04-12 07:25:56.057275+00:00
0.0,0.0,44.0,2024-04-12 07:25:56.983459+00:00
0.0,39.0,36.0,2024-04-12 07:25:57.111314+00:00
0.0,0.0,42.0,2024-04-12 07:25:57.900424+00:00
0.0,0.0,34.0,2024-04-12 07:25:58.876840+00:00
0.0,0.0,34.0,2024-04-12 07:25:59.891711+00:00
0.0,0.0,23.0,2024-04-12 07:26:00.932188+00:00
0.0,0.0,13.0,2024-04-12 07:26:01.892998+00:00
0.0,0.0,9.0,2024-04-12 07:26:03.129128+00:00
0.0,0.0,9.0,2024-04-12 07:26:03.865772+00:00
0.0,0.0,5.0,2024-04-12 07:26:05.071437+00:00
0.0,0.0,3.0,2024-04-12 07:26:05.893414+00:00
0.0,0.0,3.0,2024-04-12 07:26:06.914260+00:00
0.0,0.0,2.0,2024-04-12 07:26:07.877738+00:00
0.0,0.0,1.0,2024-04-12 07:26:08.958374+00:00
0.0,0.0,1.0,2024-04-12 07:26:09.988054+00:00
0.0,0.0,1.0,2024-04-12 07:26:10.908630+00:00
0.0,0.0,1.0,2024-04-12 07:26:12.031663+00:00
0.0,0.0,1.0,2024-04-12 07:26:13.063579+00:00
0.0,0.0,1.0,2024-04-12 07:26:13.904225+00:00
0.0,0.0,1.0,2024-04-12 07:26:14.899479+00:00
0.0,0.0,1.0,2024-04-12 07:26:15.923102+00:00
0.0,0.0,1.0,2024-04-12 07:26:16.988885+00:00
0.0,0.0,1.0,2024-04-12 07:26:36.111106+00:00
0.0,0.0,1.0,2024-04-12 07:26:36.111833+00:00
0.0,0.0,1.0,2024-04-12 07:26:36.170092+00:00
0.0,0.0,1.0,2024-04-12 07:26:36.170092+00:00
0.0,0.0,1.0,2024-04-12 07:26:36.282112+00:00
0.0,0.0,0.0,2024-04-12 07:26:36.901457+00:00
0.0,0.0,1.0,2024-04-12 07:26:36.960168+00:00
0.0,0.0,1.0,2024-04-12 07:26:37.050789+00:00
0.0,0.0,1.0,2024-04-12 07:26:37.493642+00:00
0.0,0.0,13.0,2024-04-12 07:26:37.864417+00:00
0.0,0.0,1.0,2024-04-12 07:26:38.087540+00:00
0.0,0.0,1.0,2024-04-12 07:26:38.507689+00:00
0.0,0.0,14.0,2024-04-12 07:26:38.966139+00:00
0.0,0.0,1.0,2024-04-12 07:26:39.094041+00:00
0.0,0.0,1.0,2024-04-12 07:26:39.422900+00:00
0.0,0.0,14.0,2024-04-12 07:26:40.088332+00:00
0.0,0.0,1.0,2024-04-12 07:26:40.442540+00:00
0.0,0.0,22.0,2024-04-12 07:26:40.904552+00:00
0.0,0.0,1.0,2024-04-12 07:26:41.155701+00:00
0.0,0.0,31.0,2024-04-12 07:26:41.932161+00:00
0.0,0.0,1.0,2024-04-12 07:26:42.190557+00:00
0.0,0.0,31.0,2024-04-12 07:26:42.959604+00:00
0.0,0.0,1.0,2024-04-12 07:26:43.212557+00:00
0.0,0.0,36.0,2024-04-12 07:27:34.219972+00:00
0.0,0.0,36.0,2024-04-12 07:27:34.220648+00:00
0.0,0.0,36.0,2024-04-12 07:27:34.385542+00:00
0.0,0.0,36.0,2024-04-12 07:27:35.019086+00:00
0.0,0.0,36.0,2024-04-12 07:27:35.022083+00:00
0.0,0.0,36.0,2024-04-12 07:27:35.069681+00:00
0.0,0.0,36.0,2024-04-12 07:27:35.206128+00:00
0.0,0.0,36.0,2024-04-12 07:27:35.206954+00:00
0.0,0.0,36.0,2024-04-12 07:27:35.463733+00:00
0.0,0.0,45.0,2024-04-12 07:27:35.899613+00:00
0.0,0.0,36.0,2024-04-12 07:27:35.963804+00:00
0.0,0.0,36.0,2024-04-12 07:27:36.252498+00:00
0.0,0.0,36.0,2024-04-12 07:27:36.252498+00:00
0.0,0.0,36.0,2024-04-12 07:27:36.445398+00:00
0.0,0.0,45.0,2024-04-12 07:27:36.919136+00:00
0.0,48.0,36.0,2024-04-12 07:27:36.973700+00:00
0.0,0.0,36.0,2024-04-12 07:27:37.278611+00:00
0.0,16.0,36.0,2024-04-12 07:27:37.465805+00:00
0.0,0.0,45.0,2024-04-12 07:27:37.945862+00:00
0.0,0.0,36.0,2024-04-12 07:27:37.998575+00:00
0.0,0.0,36.0,2024-04-12 07:27:38.301425+00:00
0.0,52.0,36.0,2024-04-12 07:27:38.486490+00:00
0.0,0.0,43.0,2024-04-12 07:27:38.983412+00:00
0.0,0.0,36.0,2024-04-12 07:27:39.324980+00:00
0.0,0.0,36.0,2024-04-12 07:27:39.326037+00:00
0.0,0.0,36.0,2024-04-12 07:27:40.353045+00:00
0.0,0.0,36.0,2024-04-12 07:27:40.353470+00:00
0.0,0.0,40.0,2024-04-12 07:27:41.115937+00:00
0.0,0.0,36.0,2024-04-12 07:27:41.318370+00:00
0.0,0.0,36.0,2024-04-12 07:27:41.319322+00:00
0.0,0.0,38.0,2024-04-12 07:27:42.035843+00:00
0.0,60.0,36.0,2024-04-12 07:27:42.398170+00:00
0.0,0.0,38.0,2024-04-12 07:27:43.168696+00:00
0.0,0.0,36.0,2024-04-12 07:27:43.349446+00:00
0.0,155.0,36.0,2024-04-12 07:27:43.987081+00:00
0.0,48.0,36.0,2024-04-12 07:27:44.438963+00:00
0.0,147.0,36.0,2024-04-12 07:27:45.031740+00:00
0.0,0.0,36.0,2024-04-12 07:27:45.471556+00:00
0.0,144.0,36.0,2024-04-12 07:27:46.036969+00:00
0.0,0.0,36.0,2024-04-12 07:27:46.490559+00:00
0.0,156.0,37.0,2024-04-12 07:27:47.067043+00:00
0.0,42.0,36.0,2024-04-12 07:27:47.523924+00:00
0.0,153.0,38.0,2024-04-12 07:27:48.087326+00:00
0.0,0.0,36.0,2024-04-12 07:27:48.552580+00:00
0.0,155.0,40.0,2024-04-12 07:27:49.021235+00:00
0.0,0.0,36.0,2024-04-12 07:27:49.268075+00:00
0.0,0.0,36.0,2024-04-12 07:27:49.269078+00:00
0.0,0.0,36.0,2024-04-12 07:27:49.519088+00:00
0.0,146.0,40.0,2024-04-12 07:27:50.137416+00:00
0.0,146.0,44.0,2024-04-12 07:27:51.161843+00:00
0.0,0.0,36.0,2024-04-12 07:27:51.296602+00:00
0.0,0.0,36.0,2024-04-12 07:27:51.297645+00:00
0.0,0.0,36.0,2024-04-12 07:27:51.297645+00:00
0.0,0.0,47.0,2024-04-12 07:27:52.176566+00:00
0.0,0.0,47.0,2024-04-12 07:27:53.001870+00:00
0.0,0.0,36.0,2024-04-12 07:27:53.354193+00:00
0.0,0.0,36.0,2024-04-12 07:27:53.355189+00:00
0.0,0.0,50.0,2024-04-12 07:27:54.024389+00:00
0.0,0.0,51.0,2024-04-12 07:27:54.975347+00:00
0.0,0.0,36.0,2024-04-12 07:27:55.405096+00:00
0.0,0.0,36.0,2024-04-12 07:27:55.405096+00:00
0.0,0.0,51.0,2024-04-12 07:27:56.069703+00:00
0.0,0.0,52.0,2024-04-12 07:27:56.995158+00:00
0.0,0.0,36.0,2024-04-12 07:27:57.437213+00:00
0.0,0.0,36.0,2024-04-12 07:27:57.437213+00:00
0.0,0.0,51.0,2024-04-12 07:27:58.017187+00:00
0.0,0.0,51.0,2024-04-12 07:27:58.978030+00:00
0.0,0.0,36.0,2024-04-12 07:27:59.493208+00:00
0.0,0.0,36.0,2024-04-12 07:27:59.506592+00:00
0.0,0.0,48.0,2024-04-12 07:27:59.974000+00:00
0.0,0.0,42.0,2024-04-12 07:28:00.989441+00:00
0.0,18.0,36.0,2024-04-12 07:28:01.544400+00:00
0.0,0.0,36.0,2024-04-12 07:28:01.544400+00:00
0.0,0.0,42.0,2024-04-12 07:28:01.973305+00:00
0.0,0.0,37.0,2024-04-12 07:28:03.037412+00:00
0.0,0.0,36.0,2024-04-12 07:28:03.701426+00:00
0.0,0.0,36.0,2024-04-12 07:28:03.701426+00:00
0.0,141.0,33.0,2024-04-12 07:28:04.063157+00:00
0.0,145.0,33.0,2024-04-12 07:28:05.082944+00:00
0.0,45.0,36.0,2024-04-12 07:28:05.643850+00:00
0.0,32.0,36.0,2024-04-12 07:28:05.644737+00:00
0.0,152.0,30.0,2024-04-12 07:28:06.001793+00:00
0.0,156.0,29.0,2024-04-12 07:28:06.970927+00:00
0.0,153.0,29.0,2024-04-12 07:28:08.050407+00:00
0.0,111.0,29.0,2024-04-12 07:28:09.184743+00:00
0.0,126.0,31.0,2024-04-12 07:28:09.996667+00:00
0.0,0.0,31.0,2024-04-12 07:28:11.033220+00:00
0.0,158.0,32.0,2024-04-12 07:28:12.048694+00:00
0.0,0.0,32.0,2024-04-12 07:28:13.069689+00:00
0.0,90.0,32.0,2024-04-12 07:28:14.094805+00:00
0.0,0.0,32.0,2024-04-12 07:28:15.116519+00:00
0.0,45.0,32.0,2024-04-12 07:28:16.145784+00:00
0.0,0.0,32.0,2024-04-12 07:28:17.067903+00:00
0.0,135.0,30.0,2024-04-12 07:28:17.985405+00:00
0.0,135.0,29.0,2024-04-12 07:28:19.008007+00:00
0.0,0.0,29.0,2024-04-12 07:28:20.027725+00:00
0.0,129.0,28.0,2024-04-12 07:28:21.055674+00:00
0.0,146.0,29.0,2024-04-12 07:28:22.100049+00:00
0.0,131.0,29.0,2024-04-12 07:28:23.101768+00:00
0.0,128.0,33.0,2024-04-12 07:28:24.061254+00:00
0.0,80.0,37.0,2024-04-12 07:28:25.151242+00:00
0.0,86.0,37.0,2024-04-12 07:28:26.184358+00:00
0.0,136.0,43.0,2024-04-12 07:28:27.006137+00:00
0.0,102.0,47.0,2024-04-12 07:28:28.021025+00:00
0.0,117.0,47.0,2024-04-12 07:28:29.056683+00:00
0.0,75.0,50.0,2024-04-12 07:28:30.076733+00:00
0.0,63.0,51.0,2024-04-12 07:28:31.093732+00:00
0.0,25.0,51.0,2024-04-12 07:28:32.115382+00:00
0.0,145.0,52.0,2024-04-12 07:28:33.147465+00:00
0.0,0.0,52.0,2024-04-12 07:28:34.164131+00:00
0.0,0.0,52.0,2024-04-12 07:28:35.089751+00:00
0.0,0.0,53.0,2024-04-12 07:28:36.006571+00:00
0.0,144.0,53.0,2024-04-12 07:28:37.031227+00:00
0.0,167.0,53.0,2024-04-12 07:28:38.052427+00:00
0.0,0.0,52.0,2024-04-12 07:28:39.082820+00:00
0.0,0.0,50.0,2024-04-12 07:28:40.105912+00:00
0.0,0.0,50.0,2024-04-12 07:28:41.131445+00:00
0.0,0.0,48.0,2024-04-12 07:28:42.145080+00:00
0.0,0.0,46.0,2024-04-12 07:28:43.075784+00:00
0.0,0.0,46.0,2024-04-12 07:28:43.995176+00:00
0.0,0.0,43.0,2024-04-12 07:28:45.016564+00:00
0.0,0.0,40.0,2024-04-12 07:28:46.003193+00:00
0.0,0.0,40.0,2024-04-12 07:28:46.981089+00:00
0.0,0.0,38.0,2024-04-12 07:28:48.093179+00:00
0.0,0.0,35.0,2024-04-12 07:28:49.115978+00:00
0.0,0.0,35.0,2024-04-12 07:28:50.017266+00:00
0.0,0.0,30.0,2024-04-12 07:28:51.165785+00:00
0.0,0.0,23.0,2024-04-12 07:28:52.078734+00:00
0.0,0.0,23.0,2024-04-12 07:28:52.980682+00:00
0.0,0.0,19.0,2024-04-12 07:28:54.073952+00:00
0.0,0.0,18.0,2024-04-12 07:28:55.055079+00:00
0.0,0.0,18.0,2024-04-12 07:28:56.081340+00:00
0.0,0.0,18.0,2024-04-12 07:28:57.104880+00:00
0.0,0.0,18.0,2024-04-12 07:28:58.131846+00:00
0.0,144.0,18.0,2024-04-12 07:28:59.051046+00:00
0.0,123.0,17.0,2024-04-12 07:29:00.174489+00:00
0.0,76.0,17.0,2024-04-12 07:29:00.991157+00:00
0.0,128.0,17.0,2024-04-12 07:29:02.167611+00:00
0.0,53.0,19.0,2024-04-12 07:29:03.040447+00:00
0.0,130.0,27.0,2024-04-12 07:29:04.166326+00:00
0.0,142.0,27.0,2024-04-12 07:29:04.990995+00:00
0.0,110.0,35.0,2024-04-12 07:29:06.011450+00:00
0.0,123.0,40.0,2024-04-12 07:29:07.045906+00:00
0.0,116.0,40.0,2024-04-12 07:29:08.057860+00:00
0.0,93.0,44.0,2024-04-12 07:29:09.085458+00:00
0.0,135.0,48.0,2024-04-12 07:29:10.103652+00:00
0.0,64.0,48.0,2024-04-12 07:29:11.142701+00:00
0.0,109.0,49.0,2024-04-12 07:29:12.162444+00:00
0.0,0.0,50.0,2024-04-12 07:29:13.078059+00:00
0.0,55.0,50.0,2024-04-12 07:29:13.999810+00:00
0.0,0.0,51.0,2024-04-12 07:29:15.030309+00:00
0.0,0.0,51.0,2024-04-12 07:29:16.043585+00:00
0.0,0.0,51.0,2024-04-12 07:29:17.070345+00:00
0.0,0.0,50.0,2024-04-12 07:29:18.098330+00:00
0.0,0.0,47.0,2024-04-12 07:29:19.113410+00:00
0.0,0.0,47.0,2024-04-12 07:29:20.039350+00:00
0.0,0.0,36.0,2024-04-12 07:29:21.170821+00:00
0.0,0.0,21.0,2024-04-12 07:29:21.987548+00:00
0.0,0.0,21.0,2024-04-12 07:29:23.116225+00:00
0.0,0.0,10.0,2024-04-12 07:29:24.033716+00:00
0.0,0.0,7.0,2024-04-12 07:29:25.062319+00:00
0.0,0.0,7.0,2024-04-12 07:29:26.092244+00:00
0.0,0.0,5.0,2024-04-12 07:29:27.002219+00:00
0.0,0.0,4.0,2024-04-12 07:29:27.974253+00:00
0.0,0.0,4.0,2024-04-12 07:29:29.156926+00:00
0.0,0.0,3.0,2024-04-12 07:29:30.124526+00:00
0.0,0.0,2.0,2024-04-12 07:29:31.102611+00:00
0.0,0.0,2.0,2024-04-12 07:29:32.127967+00:00
0.0,0.0,2.0,2024-04-12 07:29:33.043535+00:00
0.0,0.0,2.0,2024-04-12 07:29:34.070926+00:00
0.0,136.0,2.0,2024-04-12 07:29:35.099142+00:00
0.0,0.0,2.0,2024-04-12 07:29:36.009439+00:00
0.0,115.0,2.0,2024-04-12 07:29:37.141095+00:00
0.0,144.0,2.0,2024-04-12 07:29:37.972255+00:00
0.0,144.0,2.0,2024-04-12 07:29:39.137541+00:00
0.0,0.0,4.0,2024-04-12 07:29:40.172097+00:00
0.0,156.0,4.0,2024-04-12 07:29:41.137141+00:00
0.0,140.0,8.0,2024-04-12 07:29:42.165068+00:00
0.0,156.0,14.0,2024-04-12 07:29:43.184003+00:00
0.0,117.0,14.0,2024-04-12 07:29:44.000653+00:00
0.0,0.0,18.0,2024-04-12 07:29:45.027641+00:00
0.0,0.0,20.0,2024-04-12 07:29:46.048383+00:00
0.0,0.0,20.0,2024-04-12 07:29:47.077212+00:00
0.0,0.0,20.0,2024-04-12 07:29:47.977453+00:00
0.0,0.0,17.0,2024-04-12 07:29:49.162143+00:00
0.0,0.0,17.0,2024-04-12 07:29:50.243469+00:00
0.0,0.0,12.0,2024-04-12 07:29:51.069647+00:00
0.0,0.0,7.0,2024-04-12 07:29:51.988418+00:00
0.0,153.0,7.0,2024-04-12 07:29:53.029030+00:00
0.0,144.0,6.0,2024-04-12 07:29:54.042274+00:00
0.0,0.0,5.0,2024-04-12 07:29:55.060065+00:00
0.0,0.0,5.0,2024-04-12 07:29:56.084833+00:00
0.0,0.0,4.0,2024-04-12 07:29:57.111477+00:00
0.0,0.0,4.0,2024-04-12 07:29:58.139384+00:00
0.0,0.0,4.0,2024-04-12 07:29:58.978331+00:00
0.0,0.0,4.0,2024-04-12 07:29:59.972565+00:00
0.0,0.0,5.0,2024-04-12 07:30:00.974056+00:00
0.0,0.0,5.0,2024-04-12 07:30:01.980845+00:00
0.0,0.0,3.0,2024-04-12 07:30:03.053642+00:00
0.0,0.0,2.0,2024-04-12 07:30:04.084692+00:00
0.0,0.0,2.0,2024-04-12 07:30:05.098899+00:00
0.0,0.0,2.0,2024-04-12 07:30:06.042324+00:00
0.0,0.0,1.0,2024-04-12 07:30:07.046482+00:00
0.0,0.0,1.0,2024-04-12 07:30:08.066683+00:00
0.0,0.0,1.0,2024-04-12 07:30:08.982381+00:00
0.0,139.0,1.0,2024-04-12 07:30:10.021889+00:00
0.0,0.0,1.0,2024-04-12 07:30:10.972408+00:00
0.0,0.0,1.0,2024-04-12 07:30:12.162359+00:00
0.0,0.0,1.0,2024-04-12 07:30:13.191962+00:00
0.0,0.0,1.0,2024-04-12 07:30:14.017231+00:00
0.0,0.0,1.0,2024-04-12 07:30:15.030163+00:00
0.0,0.0,1.0,2024-04-12 07:30:16.152476+00:00
0.0,0.0,1.0,2024-04-12 07:30:17.079020+00:00
0.0,0.0,1.0,2024-04-12 07:30:18.100069+00:00
0.0,0.0,1.0,2024-04-12 07:30:19.126599+00:00
0.0,136.0,1.0,2024-04-12 07:30:20.159692+00:00
0.0,0.0,1.0,2024-04-12 07:30:21.170624+00:00
0.0,0.0,1.0,2024-04-12 07:30:21.989273+00:00
0.0,0.0,1.0,2024-04-12 07:30:22.999474+00:00
0.0,0.0,1.0,2024-04-12 07:30:24.037864+00:00
0.0,0.0,1.0,2024-04-12 07:30:25.168666+00:00
0.0,0.0,1.0,2024-04-12 07:30:26.187215+00:00
0.0,0.0,1.0,2024-04-12 07:30:27.010991+00:00
0.0,0.0,1.0,2024-04-12 07:30:28.033744+00:00
0.0,0.0,1.0,2024-04-12 07:30:29.062633+00:00
0.0,0.0,2.0,2024-04-12 07:30:30.083005+00:00
0.0,0.0,3.0,2024-04-12 07:30:31.211701+00:00
0.0,0.0,3.0,2024-04-12 07:30:32.029437+00:00
0.0,0.0,3.0,2024-04-12 07:30:33.211211+00:00
0.0,0.0,4.0,2024-04-12 07:30:34.178075+00:00
0.0,0.0,4.0,2024-04-12 07:30:34.993171+00:00
0.0,0.0,4.0,2024-04-12 07:30:36.042235+00:00
0.0,0.0,3.0,2024-04-12 07:30:37.045045+00:00
0.0,0.0,3.0,2024-04-12 07:30:38.070196+00:00
0.0,0.0,3.0,2024-04-12 07:30:39.092980+00:00
0.0,0.0,3.0,2024-04-12 07:30:40.225207+00:00
0.0,0.0,3.0,2024-04-12 07:30:41.042879+00:00
0.0,0.0,2.0,2024-04-12 07:30:42.060896+00:00
0.0,0.0,2.0,2024-04-12 07:30:42.971882+00:00
0.0,0.0,2.0,2024-04-12 07:30:44.010050+00:00
0.0,0.0,2.0,2024-04-12 07:30:45.136622+00:00
0.0,0.0,1.0,2024-04-12 07:30:45.974463+00:00
0.0,0.0,1.0,2024-04-12 07:30:47.290595+00:00
0.0,0.0,1.0,2024-04-12 07:30:48.140087+00:00
0.0,0.0,1.0,2024-04-12 07:30:48.978630+00:00
0.0,0.0,1.0,2024-04-12 07:30:49.975175+00:00
0.0,0.0,1.0,2024-04-12 07:31:02.249237+00:00
0.0,0.0,1.0,2024-04-12 07:31:03.265650+00:00
0.0,0.0,1.0,2024-04-12 07:31:09.628722+00:00
0.0,0.0,1.0,2024-04-12 07:31:10.718737+00:00
0.0,0.0,1.0,2024-04-12 07:31:11.650066+00:00
0.0,0.0,1.0,2024-04-12 07:31:12.760347+00:00
0.0,0.0,1.0,2024-04-12 07:31:13.781802+00:00
0.0,0.0,1.0,2024-04-12 07:31:14.625981+00:00
0.0,0.0,1.0,2024-04-12 07:31:15.824781+00:00
0.0,0.0,1.0,2024-04-12 07:31:16.649095+00:00
0.0,0.0,1.0,2024-04-12 07:31:17.682706+00:00
0.0,0.0,1.0,2024-04-12 07:31:18.658594+00:00
0.0,0.0,1.0,2024-04-12 07:31:19.724807+00:00
0.0,0.0,1.0,2024-04-12 07:31:20.753572+00:00
0.0,0.0,1.0,2024-04-12 07:31:21.767311+00:00
0.0,0.0,1.0,2024-04-12 07:31:22.686079+00:00
0.0,0.0,1.0,2024-04-12 07:31:23.818304+00:00
0.0,0.0,1.0,2024-04-12 07:31:24.624961+00:00
0.0,0.0,1.0,2024-04-12 07:31:25.661181+00:00
0.0,0.0,0.0,2024-04-12 07:31:26.687385+00:00
0.0,0.0,0.0,2024-04-12 07:31:27.708657+00:00
0.0,0.0,0.0,2024-04-12 07:31:28.729504+00:00
0.0,0.0,0.0,2024-04-12 07:31:29.757896+00:00
0.0,139.0,0.0,2024-04-12 07:31:30.779232+00:00
0.0,0.0,0.0,2024-04-12 07:31:31.802174+00:00
0.0,0.0,0.0,2024-04-12 07:31:32.646214+00:00
0.0,0.0,0.0,2024-04-12 07:31:33.643197+00:00
0.0,0.0,0.0,2024-04-12 07:31:34.670477+00:00
0.0,0.0,0.0,2024-04-12 07:31:35.693556+00:00
0.0,0.0,0.0,2024-04-12 07:31:36.788228+00:00
0.0,0.0,0.0,2024-04-12 07:31:37.848068+00:00
0.0,0.0,0.0,2024-04-12 07:31:38.672418+00:00
0.0,0.0,0.0,2024-04-12 07:31:39.693473+00:00
0.0,0.0,0.0,2024-04-12 07:31:40.720585+00:00
0.0,0.0,0.0,2024-04-12 07:31:41.631552+00:00
0.0,0.0,0.0,2024-04-12 07:31:42.657183+00:00
0.0,0.0,0.0,2024-04-12 07:31:43.679377+00:00
0.0,0.0,0.0,2024-04-12 07:31:44.717591+00:00
0.0,0.0,0.0,2024-04-12 07:31:45.629888+00:00
0.0,0.0,0.0,2024-04-12 07:31:46.670458+00:00
0.0,0.0,0.0,2024-04-12 07:31:47.778977+00:00
0.0,0.0,0.0,2024-04-12 07:31:48.804684+00:00
0.0,0.0,0.0,2024-04-12 07:31:49.824507+00:00
0.0,0.0,0.0,2024-04-12 07:31:50.619757+00:00
0.0,0.0,0.0,2024-04-12 07:31:51.668635+00:00
0.0,0.0,0.0,2024-04-12 07:31:52.691164+00:00
0.0,0.0,0.0,2024-04-12 07:31:53.659909+00:00
0.0,0.0,0.0,2024-04-12 07:31:54.739079+00:00
0.0,0.0,0.0,2024-04-12 07:31:55.783044+00:00
0.0,0.0,0.0,2024-04-12 07:31:56.662917+00:00
0.0,0.0,0.0,2024-04-12 07:31:57.813710+00:00
0.0,0.0,0.0,2024-04-12 07:31:58.834555+00:00
0.0,0.0,0.0,2024-04-12 07:31:59.665521+00:00
0.0,0.0,0.0,2024-04-12 07:32:00.661034+00:00
0.0,0.0,0.0,2024-04-12 07:32:01.704814+00:00
0.0,0.0,0.0,2024-04-12 07:32:02.761473+00:00
0.0,0.0,0.0,2024-04-12 07:32:03.754808+00:00
0.0,0.0,0.0,2024-04-12 07:32:04.775339+00:00
0.0,0.0,0.0,2024-04-12 07:39:34.562803+00:00
0.0,0.0,0.0,2024-04-12 07:39:35.550134+00:00
0.0,0.0,0.0,2024-04-12 07:39:52.126185+00:00
0.0,0.0,0.0,2024-04-12 07:39:53.047832+00:00
0.0,0.0,0.0,2024-04-12 07:39:54.003079+00:00
0.0,0.0,0.0,2024-04-12 07:39:55.186051+00:00
486.0,0.0,0.0,2024-04-12 07:41:18.401252+00:00
619.0,0.0,0.0,2024-04-12 07:41:19.280426+00:00
625.0,0.0,3.0,2024-04-12 07:41:20.403850+00:00
466.0,0.0,4.0,2024-04-12 07:41:21.408307+00:00
439.0,0.0,5.0,2024-04-12 07:41:22.348290+00:00
553.0,0.0,5.0,2024-04-12 07:41:23.273977+00:00
639.0,0.0,4.0,2024-04-12 07:41:24.262789+00:00
413.0,0.0,3.0,2024-04-12 07:41:25.305821+00:00
515.0,0.0,2.0,2024-04-12 07:41:26.345866+00:00
548.0,0.0,2.0,2024-04-12 07:41:27.368922+00:00
612.0,0.0,2.0,2024-04-12 07:41:28.287370+00:00
447.0,0.0,2.0,2024-04-12 07:41:29.417293+00:00
560.0,0.0,2.0,2024-04-12 07:41:30.234648+00:00
625.0,0.0,1.0,2024-04-12 07:41:31.265995+00:00
574.0,0.0,1.0,2024-04-12 07:41:32.294368+00:00
695.0,0.0,1.0,2024-04-12 07:41:33.306587+00:00
464.0,0.0,1.0,2024-04-12 07:41:34.532098+00:00
601.0,0.0,1.0,2024-04-12 07:41:35.799947+00:00
368.0,0.0,1.0,2024-04-12 07:41:36.387901+00:00
526.0,0.0,1.0,2024-04-12 07:41:37.299460+00:00
583.0,0.0,1.0,2024-04-12 07:41:38.321637+00:00
294.0,0.0,1.0,2024-04-12 07:41:39.241740+00:00
366.0,0.0,1.0,2024-04-12 07:41:40.231250+00:00
486.0,0.0,1.0,2024-04-12 07:41:41.391908+00:00
558.0,0.0,1.0,2024-04-12 07:41:42.420213+00:00
528.0,0.0,1.0,2024-04-12 07:41:43.447045+00:00
361.0,0.0,1.0,2024-04-12 07:41:44.231229+00:00
418.0,0.0,1.0,2024-04-12 07:41:45.289676+00:00
569.0,0.0,1.0,2024-04-12 07:41:46.309235+00:00
499.0,0.0,1.0,2024-04-12 07:41:47.335168+00:00
614.0,0.0,2.0,2024-04-12 07:41:48.305277+00:00
701.0,0.0,3.0,2024-04-12 07:41:49.383504+00:00
609.0,0.0,3.0,2024-04-12 07:41:50.299873+00:00
481.0,0.0,3.0,2024-04-12 07:41:51.441557+00:00
486.0,0.0,3.0,2024-04-12 07:41:52.246396+00:00
486.0,0.0,3.0,2024-04-12 07:41:53.287126+00:00
689.0,0.0,3.0,2024-04-12 07:41:54.289035+00:00
443.0,0.0,3.0,2024-04-12 07:41:55.319796+00:00
480.0,0.0,3.0,2024-04-12 07:41:56.446338+00:00
608.0,0.0,3.0,2024-04-12 07:41:57.367803+00:00
560.0,0.0,3.0,2024-04-12 07:41:58.393731+00:00
448.0,0.0,3.0,2024-04-12 07:41:59.314990+00:00
567.0,0.0,2.0,2024-04-12 07:42:00.334335+00:00
591.0,0.0,2.0,2024-04-12 07:42:01.367123+00:00
527.0,0.0,2.0,2024-04-12 07:42:02.399041+00:00
330.0,0.0,2.0,2024-04-12 07:42:03.227770+00:00
320.0,145.0,2.0,2024-04-12 07:42:04.239440+00:00
331.0,115.0,2.0,2024-04-12 07:42:05.365086+00:00
286.0,112.0,2.0,2024-04-12 07:42:06.275162+00:00
258.0,145.0,2.0,2024-04-12 07:42:07.295391+00:00
247.0,138.0,3.0,2024-04-12 07:42:08.429807+00:00
246.0,144.0,5.0,2024-04-12 07:42:09.243823+00:00
229.0,145.0,5.0,2024-04-12 07:42:10.272213+00:00
271.0,151.0,7.0,2024-04-12 07:42:11.231205+00:00
237.0,140.0,9.0,2024-04-12 07:42:12.316912+00:00
240.0,144.0,9.0,2024-04-12 07:42:13.347806+00:00
237.0,157.0,13.0,2024-04-12 07:42:14.364625+00:00
230.0,148.0,17.0,2024-04-12 07:42:15.231314+00:00
187.0,146.0,17.0,2024-04-12 07:42:16.331303+00:00
91.0,141.0,20.0,2024-04-12 07:42:17.455577+00:00
86.0,138.0,26.0,2024-04-12 07:42:18.258185+00:00
122.0,0.0,26.0,2024-04-12 07:42:19.281493+00:00
571.0,0.0,32.0,2024-04-12 07:42:20.306625+00:00
362.0,0.0,34.0,2024-04-12 07:42:21.329043+00:00
387.0,0.0,34.0,2024-04-12 07:42:22.582121+00:00
273.0,0.0,34.0,2024-04-12 07:42:23.493816+00:00
0.0,0.0,33.0,2024-04-12 07:42:24.512495+00:00
586.0,0.0,33.0,2024-04-12 07:42:25.428360+00:00
551.0,0.0,31.0,2024-04-12 07:42:26.345184+00:00
80.0,0.0,28.0,2024-04-12 07:42:27.270204+00:00
528.0,0.0,28.0,2024-04-12 07:42:28.289723+00:00
560.0,0.0,23.0,2024-04-12 07:42:29.407624+00:00
64.0,0.0,17.0,2024-04-12 07:42:30.457123+00:00
500.0,0.0,17.0,2024-04-12 07:42:31.271739+00:00
454.0,0.0,13.0,2024-04-12 07:42:32.287865+00:00
66.0,0.0,9.0,2024-04-12 07:42:33.308586+00:00
624.0,0.0,9.0,2024-04-12 07:42:34.333749+00:00
586.0,0.0,7.0,2024-04-12 07:42:35.359022+00:00
693.0,0.0,5.0,2024-04-12 07:42:36.383825+00:00
558.0,0.0,5.0,2024-04-12 07:42:37.228238+00:00
507.0,0.0,4.0,2024-04-12 07:42:38.432332+00:00
555.0,0.0,3.0,2024-04-12 07:42:40.297219+00:00
731.0,0.0,3.0,2024-04-12 07:42:40.781463+00:00
503.0,0.0,2.0,2024-04-12 07:42:41.299920+00:00
591.0,112.0,2.0,2024-04-12 07:42:42.431931+00:00
205.0,144.0,2.0,2024-04-12 07:42:43.479199+00:00
208.0,149.0,1.0,2024-04-12 07:42:44.231224+00:00
558.0,153.0,2.0,2024-04-12 07:42:45.291118+00:00
201.0,150.0,2.0,2024-04-12 07:42:46.314291+00:00
206.0,128.0,7.0,2024-04-12 07:42:47.340105+00:00
482.0,112.0,12.0,2024-04-12 07:42:48.264464+00:00
160.0,147.0,12.0,2024-04-12 07:42:49.287155+00:00
175.0,140.0,15.0,2024-04-12 07:42:50.308800+00:00
0.0,0.0,17.0,2024-04-12 07:42:51.330386+00:00
598.0,0.0,17.0,2024-04-12 07:42:52.243850+00:00
437.0,0.0,16.0,2024-04-12 07:42:53.384954+00:00
87.0,0.0,14.0,2024-04-12 07:42:54.398159+00:00
583.0,0.0,14.0,2024-04-12 07:42:55.422578+00:00
657.0,0.0,10.0,2024-04-12 07:42:56.248456+00:00
147.0,0.0,7.0,2024-04-12 07:42:57.269815+00:00
633.0,0.0,7.0,2024-04-12 07:42:58.296729+00:00
543.0,0.0,5.0,2024-04-12 07:42:59.322454+00:00
154.0,0.0,3.0,2024-04-12 07:43:00.240408+00:00
646.0,0.0,3.0,2024-04-12 07:43:01.369258+00:00
586.0,0.0,2.0,2024-04-12 07:43:02.392305+00:00
145.0,0.0,2.0,2024-04-12 07:43:03.415651+00:00
678.0,0.0,2.0,2024-04-12 07:43:04.439950+00:00
656.0,0.0,1.0,2024-04-12 07:43:05.258913+00:00
181.0,0.0,1.0,2024-04-12 07:43:06.288336+00:00
769.0,0.0,1.0,2024-04-12 07:43:07.308903+00:00
623.0,0.0,1.0,2024-04-12 07:43:08.434949+00:00
157.0,0.0,0.0,2024-04-12 07:43:09.352185+00:00
708.0,0.0,0.0,2024-04-12 07:43:10.382717+00:00
684.0,0.0,0.0,2024-04-12 07:43:11.302379+00:00
289.0,0.0,0.0,2024-04-12 07:43:12.323793+00:00
647.0,0.0,0.0,2024-04-12 07:43:13.353580+00:00
673.0,0.0,0.0,2024-04-12 07:43:14.373427+00:00
116.0,0.0,0.0,2024-04-12 07:43:15.393828+00:00
570.0,0.0,0.0,2024-04-12 07:43:16.415088+00:00
727.0,0.0,0.0,2024-04-12 07:43:17.238054+00:00
144.0,0.0,0.0,2024-04-12 07:43:18.371814+00:00
773.0,0.0,0.0,2024-04-12 07:43:19.293486+00:00
569.0,0.0,0.0,2024-04-12 07:43:20.320085+00:00
218.0,0.0,0.0,2024-04-12 07:43:21.337685+00:00
715.0,0.0,0.0,2024-04-12 07:43:22.355040+00:00
677.0,0.0,0.0,2024-04-12 07:43:23.389693+00:00
319.0,0.0,0.0,2024-04-12 07:43:24.238913+00:00
719.0,0.0,0.0,2024-04-12 07:43:25.241190+00:00
787.0,0.0,0.0,2024-04-12 07:43:26.396036+00:00
131.0,0.0,0.0,2024-04-12 07:43:27.378082+00:00
716.0,0.0,0.0,2024-04-12 07:43:28.369653+00:00
727.0,0.0,0.0,2024-04-12 07:43:29.423979+00:00
315.0,0.0,0.0,2024-04-12 07:43:30.461874+00:00
805.0,0.0,0.0,2024-04-12 07:43:31.269445+00:00
818.0,0.0,0.0,2024-04-12 07:43:32.293270+00:00
818.0,0.0,0.0,2024-04-12 07:43:33.308464+00:00
844.0,0.0,0.0,2024-04-12 07:43:34.343072+00:00
844.0,0.0,0.0,2024-04-12 07:43:35.261607+00:00
823.0,0.0,0.0,2024-04-12 07:43:36.290035+00:00
290.0,0.0,0.0,2024-04-12 07:43:37.310759+00:00
774.0,0.0,0.0,2024-04-12 07:43:38.334427+00:00
622.0,0.0,0.0,2024-04-12 07:43:39.361207+00:00
288.0,0.0,0.0,2024-04-12 07:43:40.382580+00:00
642.0,0.0,0.0,2024-04-12 07:43:41.401567+00:00
654.0,0.0,0.0,2024-04-12 07:43:42.236219+00:00
352.0,0.0,0.0,2024-04-12 07:43:43.361282+00:00
651.0,0.0,0.0,2024-04-12 07:43:44.231108+00:00
790.0,0.0,0.0,2024-04-12 07:43:45.299841+00:00
294.0,0.0,0.0,2024-04-12 07:43:46.430502+00:00
643.0,0.0,0.0,2024-04-12 07:43:47.450936+00:00
656.0,0.0,0.0,2024-04-12 07:43:48.271434+00:00
397.0,0.0,0.0,2024-04-12 07:43:49.289807+00:00
787.0,0.0,0.0,2024-04-12 07:43:50.336305+00:00
608.0,0.0,0.0,2024-04-12 07:43:51.340580+00:00
464.0,0.0,0.0,2024-04-12 07:43:52.316688+00:00
699.0,0.0,0.0,2024-04-12 07:43:53.394642+00:00
679.0,0.0,0.0,2024-04-12 07:43:54.418666+00:00
368.0,0.0,0.0,2024-04-12 07:43:55.442048+00:00
234.0,0.0,0.0,2024-04-12 07:43:56.252285+00:00
251.0,0.0,0.0,2024-04-12 07:43:57.280059+00:00
0.0,112.0,0.0,2024-04-12 07:43:58.303728+00:00
240.0,87.0,0.0,2024-04-12 07:43:59.323293+00:00
265.0,0.0,0.0,2024-04-12 07:44:00.351214+00:00
0.0,141.0,2.0,2024-04-12 07:44:01.276351+00:00
200.0,138.0,8.0,2024-04-12 07:44:02.401837+00:00
172.0,0.0,18.0,2024-04-12 07:44:03.423523+00:00
0.0,115.0,18.0,2024-04-12 07:44:04.232269+00:00
99.0,147.0,24.0,2024-04-12 07:44:05.228392+00:00
155.0,0.0,29.0,2024-04-12 07:44:06.285435+00:00
0.0,131.0,29.0,2024-04-12 07:44:07.229453+00:00
115.0,135.0,33.0,2024-04-12 07:44:08.445062+00:00
73.0,0.0,37.0,2024-04-12 07:44:09.364164+00:00
0.0,130.0,37.0,2024-04-12 07:44:10.386588+00:00
173.0,87.0,41.0,2024-04-12 07:44:11.408632+00:00
125.0,0.0,44.0,2024-04-12 07:44:12.437106+00:00
0.0,31.0,44.0,2024-04-12 07:44:13.253133+00:00
139.0,102.0,47.0,2024-04-12 07:44:14.282613+00:00
128.0,0.0,50.0,2024-04-12 07:44:15.294758+00:00
0.0,131.0,50.0,2024-04-12 07:44:16.323168+00:00
103.0,128.0,53.0,2024-04-12 07:44:17.350244+00:00
86.0,0.0,55.0,2024-04-12 07:44:18.372932+00:00
0.0,130.0,55.0,2024-04-12 07:44:19.296325+00:00
142.0,143.0,57.0,2024-04-12 07:44:20.228382+00:00
144.0,0.0,59.0,2024-04-12 07:44:21.233954+00:00
0.0,118.0,59.0,2024-04-12 07:44:22.226719+00:00
115.0,130.0,60.0,2024-04-12 07:44:23.287383+00:00
149.0,0.0,61.0,2024-04-12 07:44:24.314137+00:00
0.0,135.0,61.0,2024-04-12 07:44:25.228899+00:00
160.0,112.0,61.0,2024-04-12 07:44:26.232892+00:00
204.0,0.0,60.0,2024-04-12 07:44:27.384709+00:00
0.0,0.0,60.0,2024-04-12 07:44:28.304159+00:00
560.0,0.0,59.0,2024-04-12 07:44:29.328719+00:00
508.0,0.0,59.0,2024-04-12 07:44:30.251620+00:00
197.0,0.0,56.0,2024-04-12 07:44:31.270899+00:00
336.0,0.0,50.0,2024-04-12 07:44:32.303396+00:00
559.0,0.0,50.0,2024-04-12 07:44:33.321209+00:00
356.0,0.0,43.0,2024-04-12 07:44:34.349615+00:00
725.0,0.0,35.0,2024-04-12 07:44:35.372774+00:00
465.0,0.0,35.0,2024-04-12 07:44:36.397620+00:00
182.0,0.0,27.0,2024-04-12 07:44:37.419569+00:00
533.0,0.0,19.0,2024-04-12 07:44:38.379603+00:00
511.0,0.0,19.0,2024-04-12 07:44:39.266860+00:00
206.0,0.0,12.0,2024-04-12 07:44:40.289187+00:00
527.0,0.0,8.0,2024-04-12 07:44:41.325388+00:00
521.0,0.0,8.0,2024-04-12 07:44:42.338794+00:00
208.0,0.0,5.0,2024-04-12 07:44:43.231197+00:00
542.0,0.0,5.0,2024-04-12 07:44:44.229279+00:00
589.0,0.0,5.0,2024-04-12 07:44:45.305216+00:00
304.0,0.0,3.0,2024-04-12 07:44:46.327048+00:00
458.0,0.0,3.0,2024-04-12 07:44:47.250141+00:00
610.0,0.0,3.0,2024-04-12 07:44:48.274332+00:00
374.0,0.0,2.0,2024-04-12 07:44:49.401997+00:00
582.0,0.0,3.0,2024-04-12 07:44:50.414671+00:00
554.0,0.0,3.0,2024-04-12 07:44:51.243749+00:00
473.0,0.0,3.0,2024-04-12 07:44:52.271009+00:00
733.0,0.0,2.0,2024-04-12 07:44:53.288372+00:00
702.0,0.0,2.0,2024-04-12 07:44:54.313437+00:00
429.0,0.0,2.0,2024-04-12 07:44:55.338487+00:00
543.0,0.0,2.0,2024-04-12 07:44:56.315431+00:00
602.0,0.0,2.0,2024-04-12 07:44:57.291997+00:00
449.0,0.0,1.0,2024-04-12 07:44:58.301563+00:00
746.0,0.0,1.0,2024-04-12 07:44:59.333934+00:00
859.0,0.0,1.0,2024-04-12 07:45:00.359479+00:00
529.0,0.0,1.0,2024-04-12 07:45:01.389634+00:00
737.0,0.0,1.0,2024-04-12 07:45:02.409550+00:00
629.0,0.0,1.0,2024-04-12 07:45:03.326870+00:00
494.0,0.0,1.0,2024-04-12 07:45:04.247115+00:00
634.0,0.0,0.0,2024-04-12 07:45:05.375876+00:00
706.0,0.0,0.0,2024-04-12 07:45:06.297532+00:00
619.0,0.0,0.0,2024-04-12 07:45:07.425224+00:00
640.0,0.0,0.0,2024-04-12 07:45:08.241744+00:00
709.0,0.0,0.0,2024-04-12 07:45:09.269529+00:00
669.0,0.0,0.0,2024-04-12 07:45:10.287954+00:00
736.0,0.0,0.0,2024-04-12 07:45:11.233493+00:00
717.0,0.0,0.0,2024-04-12 07:45:12.490552+00:00
689.0,0.0,0.0,2024-04-12 07:45:13.242305+00:00
833.0,0.0,0.0,2024-04-12 07:45:14.283658+00:00
833.0,0.0,0.0,2024-04-12 07:45:15.304394+00:00
630.0,0.0,0.0,2024-04-12 07:45:16.330447+00:00
630.0,0.0,0.0,2024-04-12 07:45:17.248941+00:00
738.0,0.0,0.0,2024-04-12 07:45:18.379812+00:00
807.0,0.0,0.0,2024-04-12 07:45:19.403931+00:00
620.0,0.0,0.0,2024-04-12 07:45:20.429675+00:00
748.0,0.0,0.0,2024-04-12 07:45:21.354020+00:00
767.0,0.0,0.0,2024-04-12 07:45:22.236052+00:00
698.0,0.0,0.0,2024-04-12 07:45:23.300513+00:00
691.0,0.0,0.0,2024-04-12 07:45:24.232033+00:00
800.0,0.0,0.0,2024-04-12 07:45:25.245321+00:00
687.0,0.0,0.0,2024-04-12 07:45:26.262598+00:00
641.0,0.0,0.0,2024-04-12 07:45:27.297843+00:00
615.0,0.0,0.0,2024-04-12 07:45:28.316649+00:00
690.0,0.0,0.0,2024-04-12 07:45:29.439900+00:00
646.0,0.0,0.0,2024-04-12 07:45:30.256294+00:00
763.0,0.0,0.0,2024-04-12 07:45:31.433800+00:00
735.0,0.0,0.0,2024-04-12 07:45:32.309695+00:00
663.0,0.0,0.0,2024-04-12 07:45:33.331731+00:00
699.0,0.0,0.0,2024-04-12 07:45:34.355781+00:00
767.0,0.0,0.0,2024-04-12 07:45:35.380630+00:00
702.0,0.0,0.0,2024-04-12 07:45:36.300828+00:00
843.0,0.0,0.0,2024-04-12 07:45:37.429282+00:00
689.0,0.0,0.0,2024-04-12 07:45:38.244554+00:00
734.0,0.0,0.0,2024-04-12 07:45:39.329236+00:00
751.0,0.0,0.0,2024-04-12 07:45:40.295725+00:00
633.0,0.0,0.0,2024-04-12 07:45:41.420438+00:00
731.0,0.0,0.0,2024-04-12 07:45:42.445689+00:00
743.0,0.0,0.0,2024-04-12 07:45:43.260753+00:00
735.0,0.0,0.0,2024-04-12 07:45:44.234381+00:00
766.0,0.0,0.0,2024-04-12 07:45:45.233446+00:00
751.0,0.0,0.0,2024-04-12 07:45:46.229268+00:00
726.0,0.0,0.0,2024-04-12 07:45:47.254689+00:00
688.0,0.0,0.0,2024-04-12 07:45:48.283108+00:00
651.0,0.0,0.0,2024-04-12 07:45:49.236530+00:00
690.0,0.0,0.0,2024-04-12 07:45:50.535774+00:00
810.0,0.0,0.0,2024-04-12 07:45:51.248460+00:00
752.0,0.0,0.0,2024-04-12 07:45:52.272019+00:00
693.0,0.0,0.0,2024-04-12 07:45:53.304297+00:00
692.0,0.0,0.0,2024-04-12 07:45:55.543548+00:00
748.0,0.0,0.0,2024-04-12 07:45:55.544546+00:00
705.0,0.0,0.0,2024-04-12 07:45:56.265487+00:00
694.0,0.0,0.0,2024-04-12 07:45:57.291284+00:00
957.0,0.0,0.0,2024-04-12 07:45:58.514506+00:00
811.0,0.0,0.0,2024-04-12 07:45:59.337090+00:00
745.0,0.0,0.0,2024-04-12 07:46:00.260775+00:00
812.0,0.0,0.0,2024-04-12 07:46:01.287937+00:00
755.0,0.0,0.0,2024-04-12 07:46:02.310728+00:00
738.0,0.0,0.0,2024-04-12 07:46:03.436903+00:00
705.0,0.0,0.0,2024-04-12 07:46:04.231932+00:00
725.0,0.0,0.0,2024-04-12 07:46:05.276550+00:00
713.0,0.0,0.0,2024-04-12 07:46:06.297683+00:00
643.0,0.0,0.0,2024-04-12 07:46:07.429637+00:00
755.0,0.0,0.0,2024-04-12 07:46:08.248490+00:00
799.0,0.0,0.0,2024-04-12 07:46:09.271795+00:00
861.0,0.0,0.0,2024-04-12 07:46:10.230348+00:00
623.0,0.0,0.0,2024-04-12 07:46:11.428606+00:00
821.0,0.0,0.0,2024-04-12 07:46:12.242824+00:00
725.0,0.0,0.0,2024-04-12 07:46:13.266831+00:00
710.0,0.0,0.0,2024-04-12 07:46:14.304397+00:00
768.0,0.0,0.0,2024-04-12 07:46:15.313641+00:00
753.0,0.0,0.0,2024-04-12 07:46:16.341999+00:00
723.0,0.0,0.0,2024-04-12 07:46:17.365050+00:00
735.0,0.0,0.0,2024-04-12 07:46:18.391741+00:00
716.0,0.0,0.0,2024-04-12 07:46:19.414586+00:00
721.0,0.0,0.0,2024-04-12 07:46:20.437415+00:00
726.0,0.0,0.0,2024-04-12 07:46:21.256955+00:00
635.0,0.0,0.0,2024-04-12 07:46:22.270681+00:00
737.0,0.0,0.0,2024-04-12 07:46:23.406689+00:00
686.0,0.0,0.0,2024-04-12 07:46:24.430702+00:00
775.0,0.0,0.0,2024-04-12 07:46:25.233562+00:00
610.0,0.0,0.0,2024-04-12 07:46:26.273204+00:00
852.0,0.0,0.0,2024-04-12 07:46:27.296428+00:00
873.0,0.0,0.0,2024-04-12 07:46:28.346857+00:00
463.0,0.0,0.0,2024-04-12 07:46:29.321616+00:00
281.0,101.0,0.0,2024-04-12 07:46:30.232121+00:00
234.0,0.0,0.0,2024-04-12 07:46:31.227411+00:00
246.0,112.0,0.0,2024-04-12 07:46:32.414025+00:00
260.0,0.0,1.0,2024-04-12 07:46:33.437930+00:00
259.0,13.0,5.0,2024-04-12 07:46:34.259245+00:00
266.0,138.0,5.0,2024-04-12 07:46:35.281209+00:00
245.0,101.0,6.0,2024-04-12 07:46:36.314246+00:00
257.0,53.0,8.0,2024-04-12 07:46:37.334033+00:00
260.0,0.0,8.0,2024-04-12 07:46:38.257912+00:00
214.0,126.0,12.0,2024-04-12 07:46:39.482948+00:00
277.0,72.0,17.0,2024-04-12 07:46:40.405268+00:00
250.0,48.0,17.0,2024-04-12 07:46:41.528045+00:00
243.0,9.0,24.0,2024-04-12 07:46:42.241719+00:00
229.0,0.0,30.0,2024-04-12 07:46:43.262349+00:00
267.0,111.0,30.0,2024-04-12 07:46:44.225893+00:00
251.0,0.0,35.0,2024-04-12 07:46:45.312871+00:00
209.0,5.0,39.0,2024-04-12 07:46:46.337797+00:00
188.0,144.0,39.0,2024-04-12 07:46:47.263974+00:00
134.0,144.0,43.0,2024-04-12 07:46:48.392263+00:00
169.0,59.0,45.0,2024-04-12 07:46:49.411882+00:00
188.0,0.0,45.0,2024-04-12 07:46:50.428150+00:00
148.0,0.0,48.0,2024-04-12 07:46:51.253471+00:00
51.0,100.0,50.0,2024-04-12 07:46:52.274428+00:00
13.0,0.0,50.0,2024-04-12 07:46:53.306922+00:00
277.0,0.0,51.0,2024-04-12 07:46:54.327209+00:00
534.0,0.0,52.0,2024-04-12 07:46:55.351176+00:00
464.0,0.0,52.0,2024-04-12 07:46:56.379550+00:00
464.0,0.0,51.0,2024-04-12 07:46:57.403401+00:00
508.0,0.0,46.0,2024-04-12 07:46:58.425152+00:00
535.0,0.0,46.0,2024-04-12 07:46:59.450407+00:00
330.0,0.0,36.0,2024-04-12 07:47:00.252888+00:00
410.0,0.0,27.0,2024-04-12 07:47:01.292096+00:00
369.0,0.0,27.0,2024-04-12 07:47:02.324258+00:00
519.0,0.0,18.0,2024-04-12 07:47:03.483993+00:00
319.0,0.0,10.0,2024-04-12 07:47:04.264396+00:00
322.0,0.0,10.0,2024-04-12 07:47:05.290838+00:00
479.0,0.0,5.0,2024-04-12 07:47:06.321522+00:00
491.0,0.0,3.0,2024-04-12 07:47:07.329059+00:00
483.0,0.0,3.0,2024-04-12 07:47:08.350228+00:00
397.0,0.0,2.0,2024-04-12 07:47:09.382865+00:00
490.0,0.0,2.0,2024-04-12 07:47:10.445204+00:00
572.0,0.0,2.0,2024-04-12 07:47:11.326015+00:00
534.0,0.0,1.0,2024-04-12 07:47:12.243565+00:00
599.0,0.0,1.0,2024-04-12 07:47:13.282311+00:00
454.0,0.0,1.0,2024-04-12 07:47:14.295094+00:00
613.0,0.0,1.0,2024-04-12 07:47:15.320617+00:00
745.0,0.0,1.0,2024-04-12 07:47:16.238868+00:00
92.0,0.0,1.0,2024-04-12 07:47:17.270370+00:00
581.0,0.0,1.0,2024-04-12 07:47:18.286266+00:00
519.0,0.0,1.0,2024-04-12 07:47:19.570578+00:00
105.0,0.0,1.0,2024-04-12 07:47:20.336575+00:00
559.0,0.0,0.0,2024-04-12 07:47:21.259607+00:00
614.0,0.0,0.0,2024-04-12 07:47:22.399431+00:00
113.0,0.0,0.0,2024-04-12 07:47:23.306410+00:00
658.0,0.0,0.0,2024-04-12 07:47:24.234842+00:00
661.0,0.0,0.0,2024-04-12 07:47:25.254048+00:00
121.0,0.0,0.0,2024-04-12 07:47:26.287810+00:00
565.0,0.0,0.0,2024-04-12 07:47:27.300191+00:00
524.0,0.0,0.0,2024-04-12 07:47:28.424799+00:00
141.0,0.0,0.0,2024-04-12 07:47:29.251917+00:00
544.0,0.0,0.0,2024-04-12 07:47:30.260805+00:00
586.0,0.0,0.0,2024-04-12 07:47:31.294444+00:00
738.0,0.0,0.0,2024-04-12 07:47:32.323198+00:00
722.0,0.0,0.0,2024-04-12 07:47:33.241882+00:00
528.0,0.0,0.0,2024-04-12 07:47:34.264408+00:00
852.0,0.0,0.0,2024-04-12 07:47:35.493514+00:00
712.0,0.0,0.0,2024-04-12 07:47:36.419083+00:00
667.0,0.0,0.0,2024-04-12 07:47:37.439282+00:00
839.0,0.0,0.0,2024-04-12 07:47:38.257457+00:00
759.0,0.0,0.0,2024-04-12 07:47:39.284498+00:00
762.0,0.0,0.0,2024-04-12 07:47:40.304679+00:00
854.0,0.0,0.0,2024-04-12 07:47:41.347118+00:00
610.0,0.0,0.0,2024-04-12 07:47:42.367974+00:00
531.0,0.0,0.0,2024-04-12 07:47:43.385973+00:00
775.0,0.0,0.0,2024-04-12 07:47:44.405307+00:00
590.0,0.0,0.0,2024-04-12 07:47:45.241039+00:00
608.0,0.0,0.0,2024-04-12 07:47:46.251647+00:00
165.0,0.0,0.0,2024-04-12 07:47:47.264756+00:00
651.0,0.0,0.0,2024-04-12 07:47:48.294049+00:00
630.0,0.0,0.0,2024-04-12 07:47:49.431889+00:00
207.0,0.0,0.0,2024-04-12 07:47:50.445770+00:00
752.0,0.0,0.0,2024-04-12 07:47:51.268741+00:00
720.0,0.0,0.0,2024-04-12 07:47:52.284274+00:00
203.0,0.0,0.0,2024-04-12 07:47:53.321353+00:00
606.0,0.0,0.0,2024-04-12 07:47:54.439094+00:00
642.0,0.0,0.0,2024-04-12 07:47:55.361518+00:00
78.0,0.0,0.0,2024-04-12 07:47:56.286103+00:00
585.0,0.0,0.0,2024-04-12 07:47:57.302948+00:00
720.0,0.0,0.0,2024-04-12 07:47:58.330909+00:00
123.0,0.0,0.0,2024-04-12 07:47:59.360266+00:00
371.0,0.0,0.0,2024-04-12 07:48:00.373770+00:00
263.0,0.0,0.0,2024-04-12 07:48:01.400738+00:00
0.0,98.0,0.0,2024-04-12 07:48:02.425222+00:00
250.0,75.0,0.0,2024-04-12 07:48:03.238246+00:00
214.0,64.0,3.0,2024-04-12 07:48:04.229865+00:00
0.0,112.0,3.0,2024-04-12 07:48:05.290170+00:00
224.0,112.0,8.0,2024-04-12 07:48:06.316052+00:00
186.0,102.0,11.0,2024-04-12 07:48:07.341216+00:00
0.0,112.0,11.0,2024-04-12 07:48:08.235028+00:00
266.0,122.0,13.0,2024-04-12 07:48:09.289383+00:00
261.0,113.0,16.0,2024-04-12 07:48:10.414359+00:00
0.0,115.0,16.0,2024-04-12 07:48:11.440306+00:00
219.0,118.0,19.0,2024-04-12 07:48:12.251780+00:00
197.0,103.0,22.0,2024-04-12 07:48:13.278121+00:00
0.0,93.0,22.0,2024-04-12 07:48:14.232445+00:00
241.0,70.0,26.0,2024-04-12 07:48:15.326677+00:00
262.0,49.0,31.0,2024-04-12 07:48:16.227489+00:00
0.0,0.0,31.0,2024-04-12 07:48:17.374017+00:00
365.0,0.0,34.0,2024-04-12 07:48:18.399928+00:00
319.0,0.0,36.0,2024-04-12 07:48:19.422057+00:00
0.0,0.0,36.0,2024-04-12 07:48:20.446585+00:00
234.0,0.0,35.0,2024-04-12 07:48:21.266003+00:00
210.0,0.0,34.0,2024-04-12 07:48:22.284431+00:00
0.0,0.0,34.0,2024-04-12 07:48:23.322739+00:00
198.0,0.0,33.0,2024-04-12 07:48:24.338716+00:00
208.0,0.0,34.0,2024-04-12 07:48:25.270553+00:00
0.0,0.0,34.0,2024-04-12 07:48:26.281230+00:00
217.0,0.0,37.0,2024-04-12 07:48:27.507192+00:00
240.0,0.0,39.0,2024-04-12 07:48:28.431103+00:00
0.0,0.0,39.0,2024-04-12 07:48:29.253513+00:00
207.0,0.0,40.0,2024-04-12 07:48:30.238370+00:00
144.0,0.0,41.0,2024-04-12 07:48:31.295706+00:00
0.0,0.0,41.0,2024-04-12 07:48:32.319114+00:00
154.0,0.0,41.0,2024-04-12 07:48:33.245556+00:00
124.0,0.0,42.0,2024-04-12 07:48:34.268504+00:00
0.0,0.0,42.0,2024-04-12 07:48:35.391640+00:00
23.0,0.0,42.0,2024-04-12 07:48:36.424544+00:00
23.0,0.0,42.0,2024-04-12 07:48:37.441991+00:00
59.0,0.0,42.0,2024-04-12 07:48:38.261753+00:00
0.0,0.0,42.0,2024-04-12 07:48:39.287108+00:00
113.0,0.0,42.0,2024-04-12 07:48:40.307207+00:00
52.0,0.0,42.0,2024-04-12 07:48:41.339531+00:00
0.0,0.0,41.0,2024-04-12 07:48:42.355095+00:00
0.0,0.0,40.0,2024-04-12 07:48:43.383803+00:00
0.0,0.0,40.0,2024-04-12 07:48:44.227087+00:00
0.0,0.0,39.0,2024-04-12 07:48:45.330526+00:00
0.0,0.0,38.0,2024-04-12 07:48:46.252947+00:00
0.0,0.0,38.0,2024-04-12 07:48:47.279704+00:00
0.0,0.0,38.0,2024-04-12 07:48:48.301800+00:00
94.0,0.0,38.0,2024-04-12 07:48:49.322870+00:00
49.0,0.0,38.0,2024-04-12 07:48:50.350869+00:00
49.0,0.0,39.0,2024-04-12 07:48:52.427177+00:00
99.0,129.0,41.0,2024-04-12 07:48:53.423352+00:00
0.0,129.0,41.0,2024-04-12 07:48:54.443496+00:00
80.0,114.0,43.0,2024-04-12 07:48:55.477350+00:00
32.0,0.0,44.0,2024-04-12 07:48:56.490107+00:00
0.0,80.0,44.0,2024-04-12 07:48:57.527375+00:00
54.0,0.0,44.0,2024-04-12 07:48:58.650922+00:00
96.0,0.0,44.0,2024-04-12 07:48:59.569210+00:00
0.0,0.0,45.0,2024-04-12 07:49:00.590137+00:00
109.0,0.0,48.0,2024-04-12 07:49:01.405811+00:00
75.0,0.0,48.0,2024-04-12 07:49:02.436787+00:00
0.0,0.0,50.0,2024-04-12 07:49:03.458671+00:00
115.0,0.0,52.0,2024-04-12 07:49:04.473549+00:00
144.0,0.0,52.0,2024-04-12 07:49:05.502742+00:00
0.0,0.0,52.0,2024-04-12 07:49:06.525220+00:00
60.0,0.0,52.0,2024-04-12 07:49:07.554133+00:00
66.0,0.0,52.0,2024-04-12 07:49:08.588448+00:00
0.0,0.0,52.0,2024-04-12 07:49:09.393174+00:00
134.0,57.0,52.0,2024-04-12 07:49:10.421480+00:00
97.0,0.0,52.0,2024-04-12 07:49:11.455042+00:00
0.0,95.0,52.0,2024-04-12 07:49:12.461956+00:00
129.0,107.0,52.0,2024-04-12 07:49:13.489016+00:00
154.0,0.0,52.0,2024-04-12 07:49:14.513920+00:00
0.0,111.0,53.0,2024-04-12 07:49:15.373944+00:00
131.0,123.0,53.0,2024-04-12 07:49:16.660335+00:00
143.0,0.0,53.0,2024-04-12 07:49:17.583724+00:00
0.0,122.0,53.0,2024-04-12 07:49:18.403053+00:00
76.0,98.0,53.0,2024-04-12 07:49:19.477021+00:00
64.0,0.0,30.0,2024-04-12 07:49:20.503424+00:00
0.0,111.0,30.0,2024-04-12 07:49:21.577699+00:00
12.0,73.0,36.0,2024-04-12 07:49:22.394392+00:00
0.0,0.0,36.0,2024-04-12 07:49:23.426938+00:00
0.0,81.0,46.0,2024-04-12 07:49:24.444920+00:00
10.0,80.0,48.0,2024-04-12 07:49:25.468558+00:00
13.0,0.0,48.0,2024-04-12 07:49:26.499382+00:00
0.0,0.0,48.0,2024-04-12 07:49:27.374934+00:00
18.0,0.0,49.0,2024-04-12 07:49:28.442833+00:00
29.0,0.0,49.0,2024-04-12 07:49:29.569772+00:00
0.0,0.0,51.0,2024-04-12 07:49:30.492659+00:00
0.0,96.0,52.0,2024-04-12 07:49:31.412150+00:00
16.0,0.0,52.0,2024-04-12 07:49:32.428357+00:00
0.0,0.0,52.0,2024-04-12 07:49:33.483587+00:00
0.0,117.0,53.0,2024-04-12 07:49:34.480064+00:00
0.0,0.0,53.0,2024-04-12 07:49:35.510104+00:00
112.0,0.0,53.0,2024-04-12 07:49:36.404092+00:00
363.0,0.0,53.0,2024-04-12 07:49:37.548156+00:00
371.0,0.0,53.0,2024-04-12 07:49:38.573679+00:00
125.0,0.0,53.0,2024-04-12 07:49:39.397247+00:00
190.0,0.0,51.0,2024-04-12 07:49:40.419799+00:00
0.0,0.0,51.0,2024-04-12 07:49:41.437878+00:00
0.0,16.0,50.0,2024-04-12 07:49:42.466084+00:00
97.0,0.0,49.0,2024-04-12 07:49:43.493871+00:00
84.0,0.0,49.0,2024-04-12 07:49:44.516549+00:00
0.0,0.0,50.0,2024-04-12 07:49:45.546172+00:00
0.0,0.0,51.0,2024-04-12 07:49:46.562810+00:00
0.0,0.0,51.0,2024-04-12 07:49:47.376778+00:00
0.0,0.0,52.0,2024-04-12 07:49:48.405803+00:00
373.0,0.0,52.0,2024-04-12 07:49:49.428376+00:00
304.0,0.0,52.0,2024-04-12 07:49:50.458727+00:00
0.0,0.0,52.0,2024-04-12 07:49:51.483474+00:00
0.0,0.0,49.0,2024-04-12 07:49:52.399149+00:00
0.0,0.0,49.0,2024-04-12 07:49:53.530940+00:00
0.0,0.0,45.0,2024-04-12 07:49:54.551898+00:00
18.0,0.0,42.0,2024-04-12 07:49:55.577406+00:00
0.0,0.0,42.0,2024-04-12 07:49:56.405987+00:00
0.0,0.0,42.0,2024-04-12 07:49:57.415905+00:00
0.0,0.0,44.0,2024-04-12 07:49:58.443861+00:00
0.0,0.0,44.0,2024-04-12 07:49:59.466808+00:00
0.0,0.0,46.0,2024-04-12 07:50:00.380940+00:00
15.0,0.0,47.0,2024-04-12 07:50:01.618307+00:00
0.0,0.0,47.0,2024-04-12 07:50:02.537478+00:00
0.0,0.0,47.0,2024-04-12 07:50:03.562904+00:00
80.0,0.0,47.0,2024-04-12 07:50:04.485635+00:00
73.0,0.0,47.0,2024-04-12 07:50:05.407000+00:00
0.0,0.0,47.0,2024-04-12 07:50:06.430616+00:00
81.0,0.0,47.0,2024-04-12 07:50:07.450413+00:00
84.0,0.0,47.0,2024-04-12 07:50:08.480371+00:00
0.0,0.0,47.0,2024-04-12 07:50:09.495584+00:00
128.0,0.0,48.0,2024-04-12 07:50:10.525687+00:00
112.0,0.0,48.0,2024-04-12 07:50:12.366914+00:00
122.0,0.0,51.0,2024-04-12 07:50:13.414145+00:00
112.0,0.0,51.0,2024-04-12 07:50:14.417731+00:00
16.0,0.0,53.0,2024-04-12 07:50:15.441281+00:00
27.0,0.0,54.0,2024-04-12 07:50:18.620643+00:00
97.0,0.0,54.0,2024-04-12 07:50:19.741011+00:00
105.0,0.0,54.0,2024-04-12 07:50:20.559603+00:00
290.0,0.0,53.0,2024-04-12 07:50:21.590558+00:00
356.0,0.0,53.0,2024-04-12 07:50:22.608113+00:00
259.0,0.0,53.0,2024-04-12 07:50:23.634061+00:00
39.0,0.0,50.0,2024-04-12 07:50:24.661332+00:00
256.0,0.0,50.0,2024-04-12 07:50:25.681178+00:00
291.0,0.0,44.0,2024-04-12 07:50:26.710893+00:00
409.0,0.0,38.0,2024-04-12 07:50:27.725864+00:00
253.0,0.0,38.0,2024-04-12 07:50:28.549095+00:00
318.0,0.0,35.0,2024-04-12 07:50:29.572625+00:00
153.0,0.0,34.0,2024-04-12 07:50:30.598092+00:00
167.0,0.0,34.0,2024-04-12 07:50:31.622618+00:00
81.0,0.0,33.0,2024-04-12 07:50:32.646477+00:00
34.0,0.0,32.0,2024-04-12 07:50:33.671280+00:00
0.0,0.0,32.0,2024-04-12 07:50:34.692645+00:00
5.0,0.0,32.0,2024-04-12 07:50:35.542600+00:00
0.0,0.0,33.0,2024-04-12 07:50:36.644858+00:00
0.0,0.0,33.0,2024-04-12 07:50:37.555595+00:00
0.0,0.0,35.0,2024-04-12 07:50:38.579150+00:00
0.0,0.0,38.0,2024-04-12 07:50:39.610331+00:00
0.0,0.0,38.0,2024-04-12 07:50:40.637183+00:00
0.0,0.0,40.0,2024-04-12 07:50:41.657419+00:00
0.0,0.0,43.0,2024-04-12 07:50:42.706238+00:00
0.0,0.0,43.0,2024-04-12 07:50:43.600943+00:00
0.0,0.0,46.0,2024-04-12 07:50:44.624956+00:00
0.0,0.0,47.0,2024-04-12 07:50:45.534393+00:00
0.0,0.0,47.0,2024-04-12 07:50:46.573477+00:00
0.0,0.0,46.0,2024-04-12 07:50:47.597543+00:00
0.0,0.0,46.0,2024-04-12 07:50:48.622708+00:00
0.0,0.0,46.0,2024-04-12 07:50:49.646516+00:00
0.0,0.0,45.0,2024-04-12 07:50:50.653473+00:00
0.0,0.0,44.0,2024-04-12 07:50:51.707997+00:00
0.0,0.0,44.0,2024-04-12 07:50:52.658605+00:00
0.0,0.0,43.0,2024-04-12 07:50:53.634540+00:00
631.0,0.0,42.0,2024-04-12 07:50:54.556032+00:00
439.0,0.0,42.0,2024-04-12 07:50:55.581271+00:00
432.0,0.0,39.0,2024-04-12 07:50:56.617001+00:00
432.0,0.0,33.0,2024-04-12 07:50:57.530807+00:00
284.0,0.0,33.0,2024-04-12 07:50:58.532632+00:00
362.0,0.0,25.0,2024-04-12 07:50:59.553968+00:00
560.0,0.0,20.0,2024-04-12 07:51:00.704389+00:00
461.0,0.0,20.0,2024-04-12 07:51:01.727284+00:00
368.0,0.0,16.0,2024-04-12 07:51:02.655607+00:00
554.0,0.0,11.0,2024-04-12 07:51:03.574552+00:00
409.0,0.0,11.0,2024-04-12 07:51:04.601893+00:00
524.0,0.0,7.0,2024-04-12 07:51:05.541062+00:00
524.0,0.0,4.0,2024-04-12 07:51:06.536379+00:00
400.0,0.0,4.0,2024-04-12 07:51:07.666186+00:00
529.0,0.0,3.0,2024-04-12 07:51:08.693861+00:00
429.0,0.0,2.0,2024-04-12 07:51:09.614084+00:00
458.0,0.0,2.0,2024-04-12 07:51:10.636352+00:00
505.0,0.0,2.0,2024-04-12 07:51:11.560214+00:00
429.0,0.0,2.0,2024-04-12 07:51:12.578060+00:00
538.0,0.0,2.0,2024-04-12 07:51:13.607396+00:00
443.0,0.0,2.0,2024-04-12 07:51:14.628552+00:00
541.0,0.0,1.0,2024-04-12 07:51:15.653499+00:00
493.0,0.0,1.0,2024-04-12 07:51:16.679481+00:00
398.0,0.0,1.0,2024-04-12 07:51:17.711484+00:00
621.0,0.0,1.0,2024-04-12 07:51:18.623662+00:00
530.0,0.0,1.0,2024-04-12 07:51:19.648295+00:00
466.0,0.0,1.0,2024-04-12 07:51:20.568157+00:00
480.0,0.0,1.0,2024-04-12 07:51:21.592443+00:00
587.0,0.0,1.0,2024-04-12 07:51:22.615390+00:00
466.0,0.0,1.0,2024-04-12 07:51:23.644199+00:00
435.0,0.0,1.0,2024-04-12 07:51:24.562357+00:00
496.0,0.0,1.0,2024-04-12 07:51:25.646356+00:00
430.0,0.0,1.0,2024-04-12 07:51:26.649572+00:00
475.0,0.0,1.0,2024-04-12 07:51:27.648211+00:00
539.0,0.0,1.0,2024-04-12 07:51:28.567852+00:00
419.0,0.0,0.0,2024-04-12 07:51:29.686767+00:00
508.0,0.0,0.0,2024-04-12 07:51:30.576385+00:00
479.0,0.0,0.0,2024-04-12 07:51:31.732629+00:00
462.0,0.0,0.0,2024-04-12 07:51:32.548034+00:00
496.0,0.0,0.0,2024-04-12 07:51:33.570568+00:00
439.0,0.0,0.0,2024-04-12 07:51:34.595775+00:00
461.0,0.0,0.0,2024-04-12 07:51:35.623911+00:00
574.0,0.0,0.0,2024-04-12 07:51:36.647416+00:00
454.0,0.0,0.0,2024-04-12 07:51:37.664859+00:00
460.0,0.0,0.0,2024-04-12 07:51:38.691384+00:00
570.0,0.0,0.0,2024-04-12 07:51:39.540613+00:00
477.0,0.0,0.0,2024-04-12 07:51:40.741444+00:00
587.0,0.0,0.0,2024-04-12 07:51:41.559595+00:00
609.0,0.0,0.0,2024-04-12 07:51:42.588663+00:00
627.0,0.0,0.0,2024-04-12 07:51:43.614568+00:00
562.0,0.0,0.0,2024-04-12 07:51:44.678265+00:00
464.0,0.0,0.0,2024-04-12 07:51:45.654760+00:00
542.0,0.0,0.0,2024-04-12 07:51:46.644038+00:00
432.0,0.0,0.0,2024-04-12 07:51:47.597751+00:00
455.0,0.0,0.0,2024-04-12 07:51:48.626320+00:00
581.0,0.0,0.0,2024-04-12 07:51:49.646447+00:00
589.0,0.0,0.0,2024-04-12 07:51:50.675552+00:00
592.0,0.0,0.0,2024-04-12 07:51:51.537875+00:00
423.0,0.0,0.0,2024-04-12 07:51:52.824642+00:00
501.0,0.0,0.0,2024-04-12 07:51:53.691948+00:00
530.0,0.0,0.0,2024-04-12 07:51:54.671545+00:00
480.0,0.0,0.0,2024-04-12 07:51:55.696637+00:00
557.0,0.0,0.0,2024-04-12 07:51:56.614453+00:00
499.0,0.0,0.0,2024-04-12 07:51:57.634570+00:00
473.0,0.0,0.0,2024-04-12 07:51:58.664285+00:00
482.0,0.0,0.0,2024-04-12 07:51:59.686226+00:00
432.0,0.0,0.0,2024-04-12 07:52:00.647870+00:00
415.0,0.0,0.0,2024-04-12 07:52:01.734481+00:00
537.0,0.0,0.0,2024-04-12 07:52:02.655039+00:00
409.0,0.0,0.0,2024-04-12 07:52:03.578093+00:00
477.0,0.0,0.0,2024-04-12 07:52:04.602072+00:00
486.0,0.0,0.0,2024-04-12 07:52:05.734400+00:00
382.0,0.0,0.0,2024-04-12 07:52:06.537847+00:00
580.0,0.0,0.0,2024-04-12 07:52:07.565448+00:00
603.0,0.0,0.0,2024-04-12 07:52:08.589045+00:00
70.0,0.0,0.0,2024-04-12 07:52:09.625135+00:00
529.0,0.0,0.0,2024-04-12 07:52:10.644152+00:00
464.0,0.0,0.0,2024-04-12 07:52:11.615555+00:00
66.0,0.0,0.0,2024-04-12 07:52:12.588829+00:00
566.0,0.0,0.0,2024-04-12 07:52:13.612583+00:00
592.0,0.0,0.0,2024-04-12 07:52:14.638079+00:00
52.0,0.0,0.0,2024-04-12 07:52:15.666593+00:00
481.0,0.0,0.0,2024-04-12 07:52:16.684121+00:00
419.0,0.0,0.0,2024-04-12 07:52:17.704315+00:00
71.0,0.0,0.0,2024-04-12 07:52:18.734478+00:00
410.0,0.0,0.0,2024-04-12 07:52:19.664389+00:00
609.0,0.0,0.0,2024-04-12 07:52:20.574978+00:00
109.0,0.0,0.0,2024-04-12 07:52:21.593183+00:00
389.0,0.0,0.0,2024-04-12 07:52:22.727160+00:00
496.0,0.0,0.0,2024-04-12 07:52:23.545992+00:00
698.0,0.0,0.0,2024-04-12 07:52:24.573624+00:00
476.0,0.0,0.0,2024-04-12 07:52:25.595476+00:00
527.0,0.0,0.0,2024-04-12 07:52:26.619068+00:00
769.0,0.0,0.0,2024-04-12 07:52:27.749001+00:00
417.0,0.0,0.0,2024-04-12 07:52:28.563733+00:00
39.0,0.0,0.0,2024-04-12 07:52:29.586458+00:00
39.0,0.0,0.0,2024-04-12 07:52:30.614467+00:00
178.0,0.0,0.0,2024-04-12 07:52:31.635638+00:00
80.0,0.0,0.0,2024-04-12 07:52:32.655372+00:00
128.0,0.0,1.0,2024-04-12 07:52:33.679162+00:00
304.0,0.0,1.0,2024-04-12 07:52:34.604651+00:00
112.0,0.0,7.0,2024-04-12 07:52:35.645893+00:00
144.0,0.0,12.0,2024-04-12 07:52:36.551024+00:00
404.0,0.0,12.0,2024-04-12 07:52:37.569530+00:00
34.0,0.0,16.0,2024-04-12 07:52:38.598646+00:00
0.0,0.0,19.0,2024-04-12 07:52:39.620634+00:00
0.0,0.0,19.0,2024-04-12 07:52:40.646831+00:00
0.0,0.0,22.0,2024-04-12 07:52:41.666391+00:00
0.0,0.0,23.0,2024-04-12 07:52:42.652047+00:00
0.0,0.0,23.0,2024-04-12 07:52:43.805163+00:00
0.0,0.0,24.0,2024-04-12 07:52:44.846852+00:00
0.0,0.0,25.0,2024-04-12 07:52:45.669716+00:00
0.0,0.0,25.0,2024-04-12 07:52:46.710048+00:00
0.0,0.0,29.0,2024-04-12 07:52:47.608130+00:00
0.0,0.0,32.0,2024-04-12 07:52:48.632385+00:00
0.0,0.0,32.0,2024-04-12 07:52:49.643655+00:00
0.0,0.0,34.0,2024-04-12 07:52:50.685121+00:00
0.0,0.0,37.0,2024-04-12 07:52:51.700955+00:00
0.0,0.0,37.0,2024-04-12 07:52:52.622702+00:00
0.0,0.0,39.0,2024-04-12 07:52:53.548003+00:00
0.0,0.0,42.0,2024-04-12 07:52:54.567662+00:00
0.0,0.0,42.0,2024-04-12 07:52:55.594339+00:00
0.0,0.0,46.0,2024-04-12 07:52:56.619648+00:00
0.0,0.0,49.0,2024-04-12 07:52:57.649953+00:00
0.0,0.0,49.0,2024-04-12 07:52:58.567396+00:00
67.0,0.0,0.0,2024-04-12 07:53:10.165804+00:00
548.0,0.0,45.0,2024-04-12 07:53:10.954186+00:00
0.0,0.0,45.0,2024-04-12 07:53:11.971917+00:00
133.0,0.0,43.0,2024-04-12 07:53:13.003517+00:00
112.0,0.0,39.0,2024-04-12 07:53:14.028113+00:00
0.0,0.0,39.0,2024-04-12 07:53:15.053191+00:00
105.0,0.0,39.0,2024-04-12 07:53:15.973860+00:00
66.0,0.0,41.0,2024-04-12 07:53:17.101066+00:00
0.0,0.0,41.0,2024-04-12 07:53:18.033837+00:00
1.0,0.0,44.0,2024-04-12 07:53:19.146420+00:00
32.0,0.0,48.0,2024-04-12 07:53:19.966572+00:00
0.0,0.0,48.0,2024-04-12 07:53:20.991586+00:00
0.0,0.0,50.0,2024-04-12 07:53:22.032550+00:00
0.0,0.0,52.0,2024-04-12 07:53:23.042463+00:00
68.0,0.0,52.0,2024-04-12 07:53:23.957877+00:00
361.0,0.0,54.0,2024-04-12 07:53:24.985511+00:00
225.0,0.0,53.0,2024-04-12 07:53:26.112559+00:00
0.0,0.0,53.0,2024-04-12 07:53:27.147503+00:00
27.0,0.0,51.0,2024-04-12 07:53:27.962423+00:00
29.0,0.0,48.0,2024-04-12 07:53:28.940177+00:00
0.0,0.0,48.0,2024-04-12 07:53:29.936878+00:00
0.0,0.0,47.0,2024-04-12 07:53:30.938865+00:00
0.0,0.0,47.0,2024-04-12 07:53:31.938820+00:00
0.0,0.0,47.0,2024-04-12 07:53:33.073375+00:00
0.0,0.0,47.0,2024-04-12 07:53:34.099363+00:00
0.0,0.0,48.0,2024-04-12 07:53:35.121791+00:00
64.0,0.0,48.0,2024-04-12 07:53:36.143787+00:00
252.0,0.0,48.0,2024-04-12 07:53:36.965712+00:00
419.0,0.0,47.0,2024-04-12 07:53:37.988776+00:00
13.0,0.0,47.0,2024-04-12 07:53:39.015523+00:00
519.0,0.0,44.0,2024-04-12 07:53:40.039015+00:00
277.0,0.0,39.0,2024-04-12 07:53:41.062590+00:00
87.0,0.0,39.0,2024-04-12 07:53:42.087660+00:00
407.0,0.0,33.0,2024-04-12 07:53:43.111870+00:00
433.0,0.0,28.0,2024-04-12 07:53:43.937704+00:00
7.0,0.0,28.0,2024-04-12 07:53:44.959524+00:00
254.0,0.0,25.0,2024-04-12 07:53:45.935402+00:00
210.0,0.0,22.0,2024-04-12 07:53:47.031219+00:00
0.0,0.0,22.0,2024-04-12 07:53:48.026552+00:00
128.0,0.0,19.0,2024-04-12 07:53:49.072330+00:00
141.0,0.0,18.0,2024-04-12 07:53:50.074596+00:00
0.0,0.0,18.0,2024-04-12 07:53:51.102599+00:00
190.0,0.0,17.0,2024-04-12 07:53:52.123730+00:00
112.0,0.0,16.0,2024-04-12 07:53:53.041495+00:00
0.0,0.0,16.0,2024-04-12 07:53:53.964134+00:00
119.0,0.0,16.0,2024-04-12 07:53:54.992273+00:00
118.0,0.0,17.0,2024-04-12 07:53:56.021358+00:00
0.0,0.0,17.0,2024-04-12 07:53:57.043113+00:00
462.0,0.0,19.0,2024-04-12 07:53:58.062164+00:00
434.0,0.0,19.0,2024-04-12 07:53:59.007700+00:00
434.0,0.0,19.0,2024-04-12 07:54:00.014271+00:00
0.0,0.0,18.0,2024-04-12 07:54:01.037229+00:00
0.0,0.0,15.0,2024-04-12 07:54:02.053006+00:00
0.0,0.0,15.0,2024-04-12 07:54:03.096105+00:00
0.0,0.0,15.0,2024-04-12 07:54:04.106690+00:00
51.0,0.0,16.0,2024-04-12 07:54:05.127111+00:00
88.0,0.0,16.0,2024-04-12 07:54:06.149446+00:00
0.0,0.0,20.0,2024-04-12 07:54:06.969051+00:00
77.0,0.0,23.0,2024-04-12 07:54:07.992505+00:00
480.0,0.0,23.0,2024-04-12 07:54:09.050075+00:00
391.0,0.0,25.0,2024-04-12 07:54:10.045567+00:00
387.0,0.0,25.0,2024-04-12 07:54:11.072390+00:00
332.0,0.0,25.0,2024-04-12 07:54:12.096221+00:00
111.0,0.0,23.0,2024-04-12 07:54:13.113569+00:00
314.0,0.0,19.0,2024-04-12 07:54:14.028527+00:00
22.0,0.0,19.0,2024-04-12 07:54:14.961814+00:00
0.0,0.0,17.0,2024-04-12 07:54:15.980260+00:00
118.0,0.0,17.0,2024-04-12 07:54:17.013969+00:00
161.0,0.0,17.0,2024-04-12 07:54:18.029401+00:00
0.0,0.0,19.0,2024-04-12 07:54:19.053300+00:00
111.0,0.0,22.0,2024-04-12 07:54:20.078938+00:00
80.0,0.0,22.0,2024-04-12 07:54:20.998156+00:00
0.0,0.0,26.0,2024-04-12 07:54:22.125184+00:00
172.0,0.0,29.0,2024-04-12 07:54:23.047061+00:00
25.0,0.0,30.0,2024-04-12 07:54:30.130303+00:00
0.0,0.0,30.0,2024-04-12 07:54:31.089541+00:00
63.0,0.0,32.0,2024-04-12 07:54:32.085467+00:00
0.0,0.0,32.0,2024-04-12 07:54:33.198815+00:00
187.0,0.0,33.0,2024-04-12 07:54:34.202789+00:00
405.0,0.0,32.0,2024-04-12 07:54:35.130039+00:00
311.0,0.0,32.0,2024-04-12 07:54:36.258058+00:00
231.0,0.0,28.0,2024-04-12 07:54:37.275701+00:00
320.0,0.0,23.0,2024-04-12 07:54:38.307811+00:00
240.0,0.0,23.0,2024-04-12 07:54:39.124311+00:00
71.0,0.0,21.0,2024-04-12 07:54:40.154186+00:00
181.0,0.0,20.0,2024-04-12 07:54:41.170446+00:00
197.0,0.0,20.0,2024-04-12 07:54:42.196818+00:00
97.0,0.0,21.0,2024-04-12 07:54:43.217287+00:00
198.0,0.0,23.0,2024-04-12 07:54:44.094945+00:00
137.0,0.0,23.0,2024-04-12 07:54:45.088954+00:00
11.0,0.0,26.0,2024-04-12 07:54:46.105108+00:00
141.0,0.0,28.0,2024-04-12 07:54:47.113815+00:00
595.0,0.0,28.0,2024-04-12 07:54:48.130198+00:00
190.0,0.0,29.0,2024-04-12 07:54:49.170553+00:00
474.0,0.0,27.0,2024-04-12 07:54:50.189068+00:00
347.0,0.0,27.0,2024-04-12 07:54:51.103101+00:00
231.0,0.0,24.0,2024-04-12 07:54:52.231799+00:00
0.0,0.0,20.0,2024-04-12 07:54:53.193070+00:00
75.0,0.0,20.0,2024-04-12 07:54:54.186033+00:00
80.0,0.0,18.0,2024-04-12 07:54:55.203279+00:00
143.0,0.0,17.0,2024-04-12 07:54:56.131152+00:00
177.0,0.0,17.0,2024-04-12 07:54:57.244894+00:00
69.0,0.0,18.0,2024-04-12 07:55:01.141557+00:00
112.0,0.0,18.0,2024-04-12 07:55:01.142554+00:00
143.0,0.0,18.0,2024-04-12 07:55:01.191330+00:00
130.0,0.0,34.0,2024-04-12 07:55:02.163422+00:00
169.0,0.0,18.0,2024-04-12 07:55:02.220157+00:00
109.0,0.0,34.0,2024-04-12 07:55:03.188826+00:00
53.0,0.0,34.0,2024-04-12 07:55:04.214174+00:00
125.0,0.0,34.0,2024-04-12 07:55:05.237042+00:00
51.0,0.0,34.0,2024-04-12 07:55:06.261048+00:00
0.0,0.0,34.0,2024-04-12 07:55:07.095391+00:00
48.0,0.0,33.0,2024-04-12 07:55:08.108342+00:00
30.0,0.0,33.0,2024-04-12 07:55:09.127361+00:00
0.0,0.0,31.0,2024-04-12 07:55:10.150759+00:00
0.0,0.0,29.0,2024-04-12 07:55:11.173940+00:00
0.0,0.0,29.0,2024-04-12 07:55:12.201434+00:00
0.0,0.0,28.0,2024-04-12 07:55:13.095472+00:00
0.0,0.0,27.0,2024-04-12 07:55:14.247823+00:00
0.0,0.0,27.0,2024-04-12 07:55:15.266228+00:00
0.0,0.0,26.0,2024-04-12 07:55:16.087153+00:00
0.0,0.0,26.0,2024-04-12 07:55:17.093384+00:00
0.0,0.0,26.0,2024-04-12 07:55:18.136861+00:00
0.0,0.0,27.0,2024-04-12 07:55:19.163886+00:00
0.0,0.0,28.0,2024-04-12 07:55:20.188309+00:00
0.0,0.0,28.0,2024-04-12 07:55:21.208571+00:00
0.0,0.0,29.0,2024-04-12 07:55:22.234875+00:00
21.0,0.0,29.0,2024-04-12 07:55:23.275309+00:00
0.0,0.0,29.0,2024-04-12 07:55:24.127947+00:00
0.0,0.0,30.0,2024-04-12 07:55:25.104097+00:00
0.0,0.0,30.0,2024-04-12 07:55:26.125190+00:00
578.0,0.0,29.0,2024-04-12 07:55:27.148198+00:00
557.0,0.0,29.0,2024-04-12 07:55:28.176326+00:00
527.0,0.0,29.0,2024-04-12 07:55:29.198440+00:00
645.0,0.0,26.0,2024-04-12 07:55:30.116173+00:00
465.0,0.0,20.0,2024-04-12 07:55:31.142633+00:00
663.0,0.0,20.0,2024-04-12 07:55:32.170305+00:00
589.0,0.0,12.0,2024-04-12 07:55:33.295915+00:00
288.0,0.0,6.0,2024-04-12 07:55:34.113723+00:00
448.0,0.0,6.0,2024-04-12 07:55:35.140655+00:00
451.0,0.0,3.0,2024-04-12 07:55:36.161929+00:00
369.0,0.0,2.0,2024-04-12 07:55:37.181215+00:00
492.0,0.0,2.0,2024-04-12 07:55:38.105138+00:00
497.0,0.0,1.0,2024-04-12 07:55:39.235647+00:00
359.0,0.0,1.0,2024-04-12 07:55:40.153447+00:00
592.0,0.0,1.0,2024-04-12 07:55:41.180245+00:00
742.0,0.0,1.0,2024-04-12 07:55:42.203462+00:00
445.0,0.0,1.0,2024-04-12 07:55:43.126458+00:00
497.0,0.0,1.0,2024-04-12 07:55:44.150737+00:00
489.0,0.0,1.0,2024-04-12 07:55:45.167846+00:00
474.0,0.0,1.0,2024-04-12 07:55:46.272563+00:00
593.0,0.0,1.0,2024-04-12 07:55:47.219218+00:00
594.0,0.0,1.0,2024-04-12 07:55:48.101068+00:00
460.0,0.0,0.0,2024-04-12 07:55:49.162028+00:00
657.0,0.0,0.0,2024-04-12 07:55:50.210719+00:00
570.0,0.0,0.0,2024-04-12 07:55:51.217598+00:00
442.0,0.0,0.0,2024-04-12 07:55:52.134600+00:00
505.0,0.0,0.0,2024-04-12 07:55:53.159551+00:00
575.0,0.0,0.0,2024-04-12 07:55:54.289308+00:00
509.0,0.0,0.0,2024-04-12 07:55:55.104581+00:00
576.0,0.0,0.0,2024-04-12 07:55:56.273056+00:00
576.0,0.0,0.0,2024-04-12 07:55:57.160062+00:00
398.0,0.0,0.0,2024-04-12 07:55:58.104382+00:00
559.0,0.0,0.0,2024-04-12 07:55:59.098280+00:00
559.0,0.0,0.0,2024-04-12 07:56:00.133564+00:00
641.0,0.0,0.0,2024-04-12 07:56:01.140721+00:00
140.0,0.0,0.0,2024-04-12 07:56:02.099702+00:00
0.0,0.0,0.0,2024-04-12 07:56:03.234778+00:00
181.0,0.0,1.0,2024-04-12 07:56:04.133836+00:00
100.0,0.0,1.0,2024-04-12 07:56:05.245242+00:00
129.0,0.0,5.0,2024-04-12 07:56:06.179963+00:00
147.0,0.0,11.0,2024-04-12 07:56:07.299633+00:00
176.0,0.0,11.0,2024-04-12 07:56:08.106870+00:00
175.0,0.0,16.0,2024-04-12 07:56:09.134984+00:00
163.0,0.0,20.0,2024-04-12 07:56:10.158564+00:00
81.0,0.0,20.0,2024-04-12 07:56:11.185446+00:00
80.0,0.0,22.0,2024-04-12 07:56:12.207264+00:00
157.0,0.0,25.0,2024-04-12 07:56:13.130121+00:00
174.0,0.0,25.0,2024-04-12 07:56:14.273100+00:00
111.0,0.0,29.0,2024-04-12 07:56:15.296559+00:00
163.0,0.0,34.0,2024-04-12 07:56:16.095117+00:00
180.0,0.0,34.0,2024-04-12 07:56:17.116861+00:00
149.0,0.0,37.0,2024-04-12 07:56:18.152939+00:00
173.0,0.0,38.0,2024-04-12 07:56:19.169584+00:00
119.0,0.0,38.0,2024-04-12 07:56:20.192381+00:00
99.0,0.0,39.0,2024-04-12 07:56:21.081444+00:00
127.0,0.0,40.0,2024-04-12 07:56:22.145109+00:00
80.0,0.0,40.0,2024-04-12 07:56:23.264532+00:00
112.0,0.0,39.0,2024-04-12 07:56:24.292909+00:00
112.0,0.0,38.0,2024-04-12 07:56:25.108221+00:00
146.0,0.0,38.0,2024-04-12 07:56:26.134241+00:00
368.0,0.0,37.0,2024-04-12 07:56:27.152132+00:00
594.0,0.0,35.0,2024-04-12 07:56:28.184589+00:00
338.0,0.0,35.0,2024-04-12 07:56:29.212273+00:00
341.0,0.0,31.0,2024-04-12 07:56:30.128999+00:00
315.0,0.0,24.0,2024-04-12 07:56:31.355865+00:00
310.0,0.0,24.0,2024-04-12 07:56:32.278563+00:00
242.0,0.0,17.0,2024-04-12 07:56:33.196969+00:00
237.0,0.0,11.0,2024-04-12 07:56:34.118947+00:00
322.0,0.0,11.0,2024-04-12 07:56:35.247446+00:00
602.0,0.0,7.0,2024-04-12 07:56:36.267784+00:00
633.0,0.0,4.0,2024-04-12 07:56:37.292753+00:00
438.0,0.0,4.0,2024-04-12 07:56:38.094027+00:00
385.0,0.0,3.0,2024-04-12 07:56:39.137216+00:00
403.0,0.0,2.0,2024-04-12 07:56:40.206754+00:00
474.0,0.0,2.0,2024-04-12 07:56:41.088255+00:00
394.0,0.0,1.0,2024-04-12 07:56:42.111375+00:00
425.0,0.0,1.0,2024-04-12 07:56:43.235025+00:00
654.0,0.0,1.0,2024-04-12 07:56:44.085122+00:00
496.0,0.0,1.0,2024-04-12 07:56:45.099547+00:00
510.0,0.0,1.0,2024-04-12 07:56:46.113485+00:00
376.0,0.0,1.0,2024-04-12 07:56:47.115663+00:00
525.0,0.0,1.0,2024-04-12 07:56:48.147094+00:00
439.0,0.0,1.0,2024-04-12 07:56:49.206760+00:00
491.0,0.0,1.0,2024-04-12 07:56:50.198763+00:00
464.0,0.0,0.0,2024-04-12 07:56:51.115206+00:00
451.0,0.0,0.0,2024-04-12 07:56:52.246739+00:00
400.0,0.0,0.0,2024-04-12 07:56:53.266954+00:00
464.0,0.0,0.0,2024-04-12 07:56:54.294463+00:00
251.0,0.0,0.0,2024-04-12 07:56:55.106989+00:00
131.0,0.0,0.0,2024-04-12 07:56:56.133272+00:00
130.0,0.0,0.0,2024-04-12 07:56:57.161339+00:00
101.0,0.0,2.0,2024-04-12 07:56:58.291170+00:00
83.0,0.0,2.0,2024-04-12 07:56:59.107531+00:00
0.0,0.0,8.0,2024-04-12 07:57:00.128109+00:00
0.0,0.0,15.0,2024-04-12 07:57:01.151842+00:00
0.0,0.0,15.0,2024-04-12 07:57:02.179571+00:00
0.0,0.0,22.0,2024-04-12 07:57:03.201831+00:00
0.0,0.0,27.0,2024-04-12 07:57:04.225579+00:00
0.0,0.0,27.0,2024-04-12 07:57:05.252953+00:00
0.0,0.0,32.0,2024-04-12 07:57:06.275076+00:00
0.0,0.0,36.0,2024-04-12 07:57:07.297325+00:00
0.0,0.0,36.0,2024-04-12 07:57:08.113683+00:00
0.0,0.0,37.0,2024-04-12 07:57:09.140683+00:00
0.0,0.0,37.0,2024-04-12 07:57:10.154183+00:00
0.0,0.0,37.0,2024-04-12 07:57:11.183592+00:00
344.0,0.0,37.0,2024-04-12 07:57:12.108855+00:00
307.0,0.0,35.0,2024-04-12 07:57:13.239283+00:00
303.0,0.0,35.0,2024-04-12 07:57:14.260167+00:00
242.0,0.0,31.0,2024-04-12 07:57:15.287357+00:00
358.0,0.0,27.0,2024-04-12 07:57:16.303908+00:00
343.0,0.0,27.0,2024-04-12 07:57:17.125571+00:00
262.0,0.0,22.0,2024-04-12 07:57:18.153792+00:00
307.0,0.0,15.0,2024-04-12 07:57:19.275374+00:00
271.0,0.0,15.0,2024-04-12 07:57:20.199930+00:00
299.0,0.0,9.0,2024-04-12 07:57:21.224674+00:00
350.0,0.0,5.0,2024-04-12 07:57:22.248292+00:00
288.0,0.0,5.0,2024-04-12 07:57:23.089657+00:00
275.0,0.0,4.0,2024-04-12 07:57:24.091357+00:00
284.0,0.0,2.0,2024-04-12 07:57:25.122238+00:00
286.0,0.0,2.0,2024-04-12 07:57:26.090500+00:00
289.0,0.0,2.0,2024-04-12 07:57:27.103187+00:00
280.0,0.0,1.0,2024-04-12 07:57:28.189919+00:00
290.0,0.0,1.0,2024-04-12 07:57:29.208752+00:00
391.0,0.0,1.0,2024-04-12 07:57:30.133665+00:00
319.0,0.0,1.0,2024-04-12 07:57:31.154096+00:00
272.0,0.0,1.0,2024-04-12 07:57:32.179590+00:00
320.0,0.0,1.0,2024-04-12 07:57:33.097501+00:00
340.0,0.0,1.0,2024-04-12 07:57:34.119781+00:00
251.0,0.0,1.0,2024-04-12 07:57:35.154468+00:00
256.0,0.0,1.0,2024-04-12 07:57:36.173415+00:00
278.0,0.0,1.0,2024-04-12 07:57:37.199184+00:00
269.0,0.0,1.0,2024-04-12 07:57:38.220391+00:00
302.0,0.0,1.0,2024-04-12 07:57:39.249513+00:00
302.0,0.0,1.0,2024-04-12 07:57:40.269006+00:00
299.0,0.0,1.0,2024-04-12 07:57:41.296679+00:00
299.0,0.0,1.0,2024-04-12 07:57:42.111088+00:00
274.0,0.0,1.0,2024-04-12 07:57:43.140545+00:00
45.0,0.0,0.0,2024-04-12 07:57:44.158524+00:00
58.0,0.0,0.0,2024-04-12 07:57:45.180621+00:00
45.0,0.0,0.0,2024-04-12 07:57:46.207721+00:00
66.0,0.0,2.0,2024-04-12 07:57:47.234977+00:00
0.0,0.0,8.0,2024-04-12 07:57:48.255010+00:00
0.0,0.0,8.0,2024-04-12 07:57:49.277771+00:00
16.0,0.0,13.0,2024-04-12 07:57:50.202399+00:00
55.0,0.0,17.0,2024-04-12 07:57:51.126237+00:00
0.0,0.0,17.0,2024-04-12 07:57:52.149380+00:00
0.0,0.0,22.0,2024-04-12 07:57:53.169825+00:00
0.0,0.0,30.0,2024-04-12 07:57:54.194464+00:00
0.0,0.0,30.0,2024-04-12 07:57:55.238080+00:00
0.0,0.0,37.0,2024-04-12 07:57:56.245531+00:00
0.0,0.0,41.0,2024-04-12 07:57:57.265544+00:00
0.0,0.0,41.0,2024-04-12 07:57:58.287701+00:00
132.0,0.0,44.0,2024-04-12 07:57:59.108991+00:00
319.0,0.0,44.0,2024-04-12 07:58:00.134166+00:00
244.0,0.0,44.0,2024-04-12 07:58:01.159409+00:00
0.0,0.0,44.0,2024-04-12 07:58:02.182420+00:00
323.0,0.0,42.0,2024-04-12 07:58:03.206491+00:00
298.0,0.0,42.0,2024-04-12 07:58:04.122993+00:00
0.0,0.0,33.0,2024-04-12 07:58:05.153790+00:00
140.0,0.0,26.0,2024-04-12 07:58:06.279082+00:00
251.0,0.0,26.0,2024-04-12 07:58:07.098931+00:00
0.0,0.0,21.0,2024-04-12 07:58:08.165906+00:00
170.0,0.0,13.0,2024-04-12 07:58:09.086072+00:00
218.0,0.0,13.0,2024-04-12 07:58:10.169533+00:00
0.0,0.0,6.0,2024-04-12 07:58:11.196259+00:00
293.0,0.0,4.0,2024-04-12 07:58:12.084580+00:00
250.0,0.0,4.0,2024-04-12 07:58:13.084954+00:00
5.0,0.0,3.0,2024-04-12 07:58:14.094189+00:00
569.0,0.0,2.0,2024-04-12 07:58:15.084586+00:00
386.0,0.0,2.0,2024-04-12 07:58:16.253520+00:00
630.0,0.0,2.0,2024-04-12 07:58:17.132119+00:00
311.0,0.0,2.0,2024-04-12 07:58:18.258777+00:00
394.0,0.0,2.0,2024-04-12 07:58:19.185544+00:00
679.0,0.0,2.0,2024-04-12 07:58:20.097436+00:00
345.0,0.0,2.0,2024-04-12 07:58:21.126329+00:00
343.0,0.0,2.0,2024-04-12 07:58:22.152878+00:00
733.0,0.0,1.0,2024-04-12 07:58:23.214735+00:00
365.0,0.0,1.0,2024-04-12 07:58:24.202018+00:00
285.0,0.0,1.0,2024-04-12 07:58:25.131113+00:00
739.0,0.0,1.0,2024-04-12 07:58:26.085847+00:00
663.0,0.0,1.0,2024-04-12 07:58:27.271170+00:00
509.0,0.0,1.0,2024-04-12 07:58:28.190254+00:00
767.0,0.0,1.0,2024-04-12 07:58:29.114195+00:00
482.0,0.0,1.0,2024-04-12 07:58:30.137236+00:00
447.0,0.0,1.0,2024-04-12 07:58:31.169573+00:00
607.0,0.0,1.0,2024-04-12 07:58:32.233384+00:00
550.0,0.0,0.0,2024-04-12 07:58:33.125456+00:00
530.0,0.0,0.0,2024-04-12 07:58:34.235402+00:00
33.0,0.0,0.0,2024-04-12 07:58:35.089511+00:00
419.0,0.0,0.0,2024-04-12 07:58:36.282735+00:00
545.0,0.0,0.0,2024-04-12 07:58:37.322601+00:00
86.0,0.0,0.0,2024-04-12 07:58:38.124243+00:00
464.0,0.0,0.0,2024-04-12 07:58:39.155388+00:00
453.0,0.0,0.0,2024-04-12 07:58:40.177348+00:00
15.0,0.0,0.0,2024-04-12 07:58:41.298579+00:00
400.0,0.0,0.0,2024-04-12 07:58:42.223599+00:00
438.0,0.0,0.0,2024-04-12 07:58:43.246504+00:00
55.0,0.0,0.0,2024-04-12 07:58:44.087633+00:00
461.0,0.0,0.0,2024-04-12 07:58:45.097236+00:00
431.0,0.0,0.0,2024-04-12 07:58:46.096282+00:00
0.0,0.0,0.0,2024-04-12 07:58:47.100938+00:00
480.0,0.0,0.0,2024-04-12 07:58:48.362168+00:00
453.0,0.0,0.0,2024-04-12 07:58:49.282215+00:00
70.0,0.0,0.0,2024-04-12 07:58:50.209557+00:00
455.0,0.0,0.0,2024-04-12 07:58:51.127388+00:00
405.0,0.0,0.0,2024-04-12 07:58:52.166736+00:00
0.0,0.0,0.0,2024-04-12 07:58:53.279559+00:00
2.0,0.0,0.0,2024-04-12 07:58:54.093465+00:00
34.0,0.0,0.0,2024-04-12 07:58:55.123328+00:00
0.0,0.0,1.0,2024-04-12 07:58:56.145025+00:00
0.0,0.0,5.0,2024-04-12 07:58:57.172531+00:00
0.0,0.0,5.0,2024-04-12 07:58:58.089700+00:00
0.0,0.0,11.0,2024-04-12 07:58:59.217142+00:00
69.0,0.0,13.0,2024-04-12 07:59:00.250833+00:00
0.0,0.0,13.0,2024-04-12 07:59:01.164999+00:00
0.0,0.0,15.0,2024-04-12 07:59:02.293589+00:00
0.0,0.0,16.0,2024-04-12 07:59:03.106242+00:00
0.0,0.0,16.0,2024-04-12 07:59:04.143077+00:00
0.0,0.0,18.0,2024-04-12 07:59:05.158115+00:00
0.0,0.0,20.0,2024-04-12 07:59:06.182376+00:00
0.0,0.0,20.0,2024-04-12 07:59:07.090745+00:00
0.0,0.0,23.0,2024-04-12 07:59:08.131500+00:00
102.0,0.0,26.0,2024-04-12 07:59:09.152610+00:00
494.0,0.0,26.0,2024-04-12 07:59:10.387415+00:00
0.0,0.0,27.0,2024-04-12 07:59:11.097687+00:00
377.0,0.0,26.0,2024-04-12 07:59:12.125114+00:00
474.0,0.0,26.0,2024-04-12 07:59:13.142357+00:00
26.0,0.0,23.0,2024-04-12 07:59:14.171733+00:00
375.0,0.0,16.0,2024-04-12 07:59:15.237369+00:00
368.0,0.0,16.0,2024-04-12 07:59:16.223621+00:00
64.0,0.0,7.0,2024-04-12 07:59:17.245592+00:00
416.0,0.0,3.0,2024-04-12 07:59:18.267326+00:00
587.0,0.0,3.0,2024-04-12 07:59:19.285826+00:00
587.0,0.0,2.0,2024-04-12 07:59:20.102774+00:00
30.0,0.0,2.0,2024-04-12 07:59:21.090669+00:00
457.0,0.0,2.0,2024-04-12 07:59:22.156280+00:00
94.0,0.0,2.0,2024-04-12 07:59:39.260676+00:00
574.0,0.0,2.0,2024-04-12 07:59:39.265186+00:00
593.0,0.0,2.0,2024-04-12 07:59:39.331808+00:00
141.0,0.0,2.0,2024-04-12 07:59:39.331808+00:00
112.0,0.0,2.0,2024-04-12 07:59:39.429018+00:00
528.0,0.0,0.0,2024-04-12 07:59:40.297267+00:00
464.0,0.0,2.0,2024-04-12 07:59:40.329666+00:00
219.0,0.0,2.0,2024-04-12 07:59:40.329666+00:00
396.0,0.0,2.0,2024-04-12 07:59:40.455531+00:00
641.0,0.0,0.0,2024-04-12 07:59:41.106666+00:00
498.0,0.0,2.0,2024-04-12 07:59:41.222128+00:00
551.0,0.0,2.0,2024-04-12 07:59:41.561656+00:00
204.0,0.0,0.0,2024-04-12 07:59:42.130754+00:00
592.0,0.0,2.0,2024-04-12 07:59:42.262168+00:00
101.0,0.0,2.0,2024-04-12 07:59:42.584357+00:00
487.0,0.0,0.0,2024-04-12 07:59:43.145652+00:00
526.0,0.0,2.0,2024-04-12 07:59:43.600629+00:00
450.0,0.0,0.0,2024-04-12 07:59:44.080604+00:00
455.0,0.0,2.0,2024-04-12 07:59:44.629087+00:00
129.0,0.0,0.0,2024-04-12 07:59:45.302860+00:00
122.0,0.0,2.0,2024-04-12 07:59:45.666698+00:00
394.0,0.0,0.0,2024-04-12 07:59:46.123505+00:00
406.0,0.0,2.0,2024-04-12 07:59:46.357919+00:00
676.0,0.0,0.0,2024-04-12 07:59:47.142615+00:00
171.0,0.0,0.0,2024-04-12 07:59:48.166450+00:00
500.0,0.0,0.0,2024-04-12 07:59:49.192431+00:00
464.0,0.0,0.0,2024-04-12 07:59:50.112209+00:00
148.0,0.0,0.0,2024-04-12 07:59:51.245738+00:00
491.0,0.0,0.0,2024-04-12 07:59:52.273249+00:00
483.0,0.0,0.0,2024-04-12 07:59:53.288398+00:00
186.0,0.0,0.0,2024-04-12 07:59:54.112579+00:00
474.0,0.0,2.0,2024-04-12 07:59:54.613983+00:00
592.0,0.0,0.0,2024-04-12 07:59:55.155132+00:00
456.0,0.0,0.0,2024-04-12 07:59:56.153735+00:00
260.0,0.0,0.0,2024-04-12 07:59:57.180807+00:00
480.0,0.0,0.0,2024-04-12 07:59:58.098024+00:00
533.0,0.0,0.0,2024-04-12 07:59:59.124836+00:00
308.0,0.0,0.0,2024-04-12 08:00:00.150400+00:00
483.0,0.0,0.0,2024-04-12 08:00:01.176080+00:00
493.0,0.0,0.0,2024-04-12 08:00:02.246385+00:00
186.0,0.0,0.0,2024-04-12 08:00:03.220811+00:00
501.0,0.0,0.0,2024-04-12 08:00:04.158952+00:00
502.0,0.0,0.0,2024-04-12 08:00:05.169836+00:00
262.0,0.0,0.0,2024-04-12 08:00:06.190063+00:00
528.0,0.0,0.0,2024-04-12 08:00:07.219571+00:00
467.0,0.0,0.0,2024-04-12 08:00:08.241968+00:00
200.0,0.0,0.0,2024-04-12 08:00:09.263335+00:00
541.0,0.0,0.0,2024-04-12 08:00:10.286500+00:00
449.0,0.0,0.0,2024-04-12 08:00:11.103149+00:00
262.0,0.0,0.0,2024-04-12 08:00:12.334457+00:00
579.0,0.0,0.0,2024-04-12 08:00:13.248329+00:00
434.0,0.0,0.0,2024-04-12 08:00:14.280559+00:00
304.0,0.0,0.0,2024-04-12 08:00:15.103489+00:00
448.0,0.0,0.0,2024-04-12 08:00:16.129961+00:00
521.0,0.0,0.0,2024-04-12 08:00:17.085934+00:00
240.0,0.0,0.0,2024-04-12 08:00:18.168135+00:00
462.0,0.0,0.0,2024-04-12 08:00:19.197665+00:00
610.0,0.0,0.0,2024-04-12 08:00:20.115855+00:00
339.0,0.0,0.0,2024-04-12 08:00:21.142085+00:00
400.0,0.0,0.0,2024-04-12 08:00:22.082084+00:00
547.0,0.0,0.0,2024-04-12 08:00:23.182743+00:00
397.0,0.0,0.0,2024-04-12 08:00:24.213893+00:00
508.0,0.0,0.0,2024-04-12 08:00:25.137144+00:00
445.0,0.0,0.0,2024-04-12 08:00:26.268009+00:00
377.0,0.0,0.0,2024-04-12 08:00:27.285139+00:00
489.0,0.0,0.0,2024-04-12 08:00:28.204126+00:00
577.0,0.0,0.0,2024-04-12 08:00:29.128203+00:00
245.0,0.0,0.0,2024-04-12 08:00:30.089634+00:00
411.0,0.0,0.0,2024-04-12 08:00:31.277196+00:00
419.0,0.0,0.0,2024-04-12 08:00:32.202025+00:00
308.0,0.0,0.0,2024-04-12 08:00:33.120371+00:00
529.0,0.0,0.0,2024-04-12 08:00:34.145644+00:00
495.0,0.0,0.0,2024-04-12 08:00:35.170987+00:00
382.0,0.0,0.0,2024-04-12 08:00:36.272588+00:00
524.0,0.0,0.0,2024-04-12 08:00:37.118375+00:00
482.0,0.0,0.0,2024-04-12 08:00:38.139098+00:00
303.0,0.0,0.0,2024-04-12 08:00:39.160895+00:00
416.0,0.0,0.0,2024-04-12 08:00:40.291005+00:00
463.0,0.0,0.0,2024-04-12 08:00:41.107738+00:00
336.0,0.0,0.0,2024-04-12 08:00:42.144296+00:00
604.0,0.0,0.0,2024-04-12 08:00:43.156623+00:00
556.0,0.0,0.0,2024-04-12 08:00:44.097951+00:00
364.0,0.0,0.0,2024-04-12 08:00:45.103232+00:00
612.0,0.0,0.0,2024-04-12 08:00:46.106235+00:00
507.0,0.0,0.0,2024-04-12 08:00:47.121182+00:00
338.0,0.0,0.0,2024-04-12 08:00:48.172041+00:00
637.0,0.0,0.0,2024-04-12 08:00:49.201802+00:00
574.0,0.0,0.0,2024-04-12 08:00:50.223603+00:00
365.0,0.0,0.0,2024-04-12 08:00:51.145444+00:00
470.0,0.0,0.0,2024-04-12 08:00:52.278436+00:00
602.0,0.0,0.0,2024-04-12 08:00:53.309166+00:00
413.0,0.0,0.0,2024-04-12 08:00:54.118037+00:00
467.0,0.0,0.0,2024-04-12 08:00:55.180001+00:00
497.0,0.0,0.0,2024-04-12 08:00:56.155179+00:00
429.0,0.0,0.0,2024-04-12 08:00:57.192159+00:00
496.0,0.0,0.0,2024-04-12 08:00:58.104479+00:00
560.0,0.0,0.0,2024-04-12 08:00:59.135503+00:00
501.0,0.0,0.0,2024-04-12 08:01:00.089299+00:00
487.0,0.0,0.0,2024-04-12 08:01:01.273235+00:00
471.0,0.0,0.0,2024-04-12 08:01:02.082030+00:00
471.0,0.0,0.0,2024-04-12 08:01:03.093253+00:00
494.0,0.0,0.0,2024-04-12 08:01:04.088351+00:00
528.0,0.0,0.0,2024-04-12 08:01:05.084036+00:00
479.0,0.0,0.0,2024-04-12 08:01:06.191762+00:00
389.0,0.0,0.0,2024-04-12 08:01:07.119556+00:00
530.0,0.0,0.0,2024-04-12 08:01:08.142393+00:00
265.0,0.0,0.0,2024-04-12 08:01:09.181166+00:00
254.0,0.0,0.0,2024-04-12 08:01:10.083373+00:00
223.0,0.0,0.0,2024-04-12 08:01:11.123477+00:00
165.0,0.0,0.0,2024-04-12 08:01:12.133727+00:00
174.0,0.0,0.0,2024-04-12 08:01:13.160434+00:00
144.0,0.0,2.0,2024-04-12 08:01:14.095279+00:00
209.0,0.0,13.0,2024-04-12 08:01:15.081402+00:00
107.0,0.0,13.0,2024-04-12 08:01:16.174484+00:00
148.0,0.0,22.0,2024-04-12 08:01:17.081906+00:00
151.0,0.0,22.0,2024-04-12 08:01:18.165083+00:00
80.0,0.0,27.0,2024-04-12 08:01:19.303399+00:00
48.0,0.0,32.0,2024-04-12 08:01:20.123576+00:00
80.0,0.0,32.0,2024-04-12 08:01:21.176825+00:00
0.0,0.0,34.0,2024-04-12 08:01:22.171474+00:00
65.0,0.0,37.0,2024-04-12 08:01:23.201018+00:00
94.0,0.0,37.0,2024-04-12 08:01:24.134752+00:00
112.0,0.0,41.0,2024-04-12 08:01:25.255709+00:00
124.0,0.0,43.0,2024-04-12 08:01:26.159339+00:00
201.0,0.0,43.0,2024-04-12 08:01:27.295134+00:00
129.0,0.0,44.0,2024-04-12 08:01:28.116858+00:00
158.0,0.0,43.0,2024-04-12 08:01:29.146732+00:00
410.0,0.0,43.0,2024-04-12 08:01:30.088603+00:00
278.0,0.0,42.0,2024-04-12 08:01:31.184333+00:00
267.0,0.0,38.0,2024-04-12 08:01:32.104337+00:00
258.0,0.0,38.0,2024-04-12 08:01:33.335109+00:00
297.0,0.0,31.0,2024-04-12 08:01:34.151985+00:00
309.0,0.0,24.0,2024-04-12 08:01:35.174790+00:00
288.0,0.0,24.0,2024-04-12 08:01:36.196337+00:00
239.0,0.0,18.0,2024-04-12 08:01:37.186320+00:00
333.0,0.0,12.0,2024-04-12 08:01:38.148551+00:00
325.0,0.0,12.0,2024-04-12 08:01:39.170204+00:00
546.0,0.0,7.0,2024-04-12 08:01:40.190091+00:00
668.0,0.0,5.0,2024-04-12 08:01:41.112108+00:00
601.0,0.0,5.0,2024-04-12 08:01:42.227773+00:00
557.0,0.0,3.0,2024-04-12 08:01:43.275728+00:00
606.0,0.0,2.0,2024-04-12 08:01:44.268495+00:00
613.0,0.0,2.0,2024-04-12 08:01:45.254994+00:00
500.0,0.0,1.0,2024-04-12 08:01:46.132073+00:00
326.0,0.0,1.0,2024-04-12 08:01:47.159661+00:00
250.0,0.0,1.0,2024-04-12 08:01:48.188674+00:00
144.0,0.0,1.0,2024-04-12 08:01:49.097686+00:00
109.0,0.0,2.0,2024-04-12 08:01:50.086574+00:00
114.0,0.0,2.0,2024-04-12 08:01:51.256970+00:00
134.0,0.0,6.0,2024-04-12 08:01:52.175844+00:00
74.0,0.0,12.0,2024-04-12 08:01:53.302454+00:00
123.0,0.0,12.0,2024-04-12 08:01:54.122105+00:00
97.0,0.0,15.0,2024-04-12 08:01:55.098164+00:00
0.0,0.0,17.0,2024-04-12 08:01:56.163176+00:00
208.0,0.0,17.0,2024-04-12 08:01:57.199888+00:00
561.0,0.0,18.0,2024-04-12 08:01:58.111358+00:00
279.0,0.0,18.0,2024-04-12 08:01:59.082997+00:00
320.0,0.0,18.0,2024-04-12 08:02:00.088136+00:00
302.0,0.0,16.0,2024-04-12 08:02:01.188165+00:00
257.0,0.0,12.0,2024-04-12 08:02:02.084002+00:00
560.0,0.0,12.0,2024-04-12 08:02:03.284999+00:00
546.0,0.0,7.0,2024-04-12 08:02:04.169413+00:00
503.0,0.0,4.0,2024-04-12 08:02:05.178689+00:00
353.0,0.0,4.0,2024-04-12 08:02:06.101243+00:00
553.0,0.0,2.0,2024-04-12 08:02:07.124017+00:00
288.0,0.0,2.0,2024-04-12 08:02:08.147836+00:00
336.0,0.0,2.0,2024-04-12 08:02:09.181874+00:00
443.0,0.0,1.0,2024-04-12 08:02:10.091174+00:00
347.0,0.0,1.0,2024-04-12 08:02:11.132224+00:00
400.0,0.0,1.0,2024-04-12 08:02:12.250485+00:00
422.0,0.0,1.0,2024-04-12 08:02:13.082729+00:00
351.0,0.0,1.0,2024-04-12 08:02:14.291403+00:00
407.0,0.0,1.0,2024-04-12 08:02:15.112925+00:00
399.0,0.0,0.0,2024-04-12 08:02:16.133152+00:00
310.0,0.0,0.0,2024-04-12 08:02:17.157244+00:00
304.0,0.0,0.0,2024-04-12 08:02:18.195268+00:00
424.0,0.0,0.0,2024-04-12 08:02:19.310660+00:00
403.0,0.0,0.0,2024-04-12 08:02:20.131672+00:00
400.0,0.0,0.0,2024-04-12 08:02:21.161152+00:00
261.0,0.0,0.0,2024-04-12 08:02:22.088011+00:00
285.0,0.0,0.0,2024-04-12 08:02:23.091080+00:00
246.0,0.0,0.0,2024-04-12 08:02:24.170966+00:00
370.0,0.0,0.0,2024-04-12 08:02:25.261721+00:00
254.0,0.0,0.0,2024-04-12 08:02:26.282191+00:00
349.0,0.0,0.0,2024-04-12 08:02:27.303739+00:00
253.0,0.0,0.0,2024-04-12 08:02:28.220237+00:00
285.0,0.0,0.0,2024-04-12 08:02:29.246907+00:00
295.0,0.0,0.0,2024-04-12 08:02:30.107055+00:00
337.0,0.0,0.0,2024-04-12 08:02:31.185722+00:00
304.0,0.0,0.0,2024-04-12 08:02:32.223035+00:00
474.0,0.0,0.0,2024-04-12 08:02:33.239455+00:00
435.0,0.0,0.0,2024-04-12 08:02:34.262317+00:00
240.0,0.0,0.0,2024-04-12 08:02:35.500695+00:00
454.0,0.0,0.0,2024-04-12 08:02:36.103357+00:00
533.0,0.0,0.0,2024-04-12 08:02:37.132091+00:00
522.0,0.0,0.0,2024-04-12 08:02:38.153083+00:00
390.0,0.0,0.0,2024-04-12 08:02:39.169325+00:00
339.0,0.0,0.0,2024-04-12 08:02:40.096976+00:00
454.0,0.0,0.0,2024-04-12 08:02:41.119443+00:00
490.0,0.0,0.0,2024-04-12 08:02:42.358175+00:00
398.0,0.0,0.0,2024-04-12 08:02:43.174549+00:00
398.0,0.0,0.0,2024-04-12 08:02:44.110183+00:00
333.0,0.0,0.0,2024-04-12 08:02:45.148589+00:00
335.0,0.0,0.0,2024-04-12 08:02:46.172919+00:00
378.0,0.0,0.0,2024-04-12 08:02:47.129034+00:00
266.0,0.0,0.0,2024-04-12 08:02:48.308569+00:00
106.0,0.0,0.0,2024-04-12 08:02:49.324260+00:00
201.0,0.0,0.0,2024-04-12 08:02:50.136050+00:00
144.0,0.0,0.0,2024-04-12 08:02:51.167800+00:00
0.0,0.0,2.0,2024-04-12 08:02:52.284337+00:00
80.0,0.0,6.0,2024-04-12 08:02:53.112865+00:00
59.0,0.0,6.0,2024-04-12 08:02:54.226808+00:00
0.0,0.0,9.0,2024-04-12 08:02:55.257842+00:00
53.0,0.0,10.0,2024-04-12 08:02:56.173616+00:00
0.0,0.0,10.0,2024-04-12 08:02:57.200653+00:00
0.0,0.0,10.0,2024-04-12 08:02:58.122272+00:00
18.0,0.0,10.0,2024-04-12 08:02:59.249447+00:00
162.0,0.0,10.0,2024-04-12 08:03:00.270842+00:00
0.0,0.0,10.0,2024-04-12 08:03:01.300737+00:00
132.0,0.0,10.0,2024-04-12 08:03:02.112571+00:00
118.0,0.0,10.0,2024-04-12 08:03:03.144386+00:00
0.0,0.0,10.0,2024-04-12 08:03:04.174430+00:00
142.0,0.0,10.0,2024-04-12 08:03:05.187041+00:00
80.0,0.0,10.0,2024-04-12 08:03:06.217331+00:00
433.0,0.0,10.0,2024-04-12 08:03:07.251763+00:00
0.0,0.0,9.0,2024-04-12 08:03:08.157023+00:00
77.0,0.0,9.0,2024-04-12 08:03:09.280809+00:00
686.0,0.0,9.0,2024-04-12 08:03:10.179544+00:00
266.0,0.0,9.0,2024-04-12 08:03:11.126158+00:00
259.0,0.0,9.0,2024-04-12 08:03:12.151220+00:00
703.0,0.0,7.0,2024-04-12 08:03:13.182712+00:00
288.0,0.0,4.0,2024-04-12 08:03:14.191958+00:00
243.0,0.0,4.0,2024-04-12 08:03:15.217100+00:00
0.0,0.0,2.0,2024-04-12 08:03:16.146425+00:00
294.0,0.0,1.0,2024-04-12 08:03:17.383130+00:00
201.0,0.0,1.0,2024-04-12 08:03:18.333920+00:00
0.0,0.0,1.0,2024-04-12 08:03:19.115993+00:00
218.0,0.0,1.0,2024-04-12 08:03:20.245688+00:00
269.0,0.0,1.0,2024-04-12 08:03:21.271562+00:00
0.0,0.0,1.0,2024-04-12 08:03:22.191168+00:00
249.0,0.0,1.0,2024-04-12 08:03:23.107019+00:00
250.0,0.0,1.0,2024-04-12 08:03:24.134256+00:00
0.0,0.0,1.0,2024-04-12 08:03:25.255342+00:00
142.0,0.0,1.0,2024-04-12 08:03:26.181175+00:00
192.0,0.0,1.0,2024-04-12 08:03:27.199764+00:00
0.0,0.0,1.0,2024-04-12 08:03:28.127663+00:00
105.0,0.0,3.0,2024-04-12 08:03:29.162768+00:00
199.0,0.0,3.0,2024-04-12 08:03:30.178157+00:00
0.0,0.0,5.0,2024-04-12 08:03:31.193775+00:00
38.0,0.0,7.0,2024-04-12 08:03:32.122129+00:00
0.0,0.0,7.0,2024-04-12 08:03:33.145032+00:00
0.0,0.0,9.0,2024-04-12 08:03:34.159766+00:00
0.0,0.0,14.0,2024-04-12 08:03:35.188943+00:00
0.0,0.0,14.0,2024-04-12 08:03:36.116440+00:00
0.0,0.0,20.0,2024-04-12 08:03:37.342455+00:00
0.0,0.0,27.0,2024-04-12 08:03:38.093314+00:00
0.0,0.0,27.0,2024-04-12 08:03:39.231088+00:00
0.0,0.0,33.0,2024-04-12 08:03:40.111454+00:00
0.0,0.0,36.0,2024-04-12 08:03:41.130304+00:00
0.0,0.0,36.0,2024-04-12 08:03:42.145936+00:00
0.0,0.0,38.0,2024-04-12 08:03:43.187204+00:00
0.0,0.0,41.0,2024-04-12 08:03:44.200367+00:00
0.0,0.0,41.0,2024-04-12 08:03:45.224766+00:00
0.0,0.0,43.0,2024-04-12 08:03:46.083181+00:00
0.0,0.0,44.0,2024-04-12 08:03:47.091106+00:00
0.0,0.0,44.0,2024-04-12 08:03:48.303167+00:00
0.0,0.0,45.0,2024-04-12 08:03:49.115398+00:00
299.0,0.0,46.0,2024-04-12 08:03:50.136299+00:00
256.0,0.0,46.0,2024-04-12 08:03:51.165147+00:00
0.0,0.0,46.0,2024-04-12 08:03:52.189123+00:00
256.0,0.0,43.0,2024-04-12 08:03:53.106004+00:00
275.0,0.0,43.0,2024-04-12 08:03:54.234037+00:00
22.0,0.0,39.0,2024-04-12 08:03:55.151591+00:00
313.0,0.0,37.0,2024-04-12 08:03:56.292063+00:00
262.0,0.0,37.0,2024-04-12 08:03:57.101708+00:00
0.0,0.0,34.0,2024-04-12 08:03:58.125899+00:00
240.0,0.0,31.0,2024-04-12 08:03:59.147783+00:00
345.0,0.0,31.0,2024-04-12 08:04:00.178250+00:00
0.0,0.0,26.0,2024-04-12 08:04:01.196847+00:00
260.0,0.0,19.0,2024-04-12 08:04:02.220798+00:00
391.0,0.0,19.0,2024-04-12 08:04:03.138304+00:00
0.0,0.0,13.0,2024-04-12 08:04:04.142340+00:00
408.0,0.0,8.0,2024-04-12 08:04:05.297970+00:00
423.0,0.0,8.0,2024-04-12 08:04:06.119388+00:00
0.0,0.0,6.0,2024-04-12 08:04:07.144373+00:00
65.0,0.0,4.0,2024-04-12 08:04:08.089096+00:00
128.0,0.0,4.0,2024-04-12 08:04:09.192476+00:00
202.0,0.0,3.0,2024-04-12 08:04:10.110772+00:00
773.0,0.0,2.0,2024-04-12 08:04:11.236784+00:00
637.0,0.0,2.0,2024-04-12 08:04:12.261514+00:00
163.0,0.0,1.0,2024-04-12 08:04:13.175323+00:00
487.0,0.0,1.0,2024-04-12 08:04:14.195238+00:00
495.0,0.0,1.0,2024-04-12 08:04:15.238653+00:00
275.0,0.0,1.0,2024-04-12 08:04:16.151847+00:00
540.0,0.0,1.0,2024-04-12 08:04:17.378656+00:00
442.0,0.0,1.0,2024-04-12 08:04:18.300286+00:00
81.0,0.0,1.0,2024-04-12 08:04:19.223476+00:00
588.0,0.0,1.0,2024-04-12 08:04:20.140698+00:00
480.0,0.0,1.0,2024-04-12 08:04:21.168022+00:00
160.0,0.0,1.0,2024-04-12 08:04:22.294646+00:00
528.0,0.0,0.0,2024-04-12 08:04:23.118095+00:00
528.0,0.0,0.0,2024-04-12 08:04:24.146584+00:00
563.0,0.0,0.0,2024-04-12 08:04:25.160127+00:00
140.0,0.0,0.0,2024-04-12 08:04:26.296792+00:00
526.0,0.0,0.0,2024-04-12 08:04:27.102841+00:00
519.0,0.0,0.0,2024-04-12 08:04:28.133912+00:00
177.0,0.0,0.0,2024-04-12 08:04:29.150577+00:00
432.0,0.0,0.0,2024-04-12 08:04:30.185140+00:00
447.0,0.0,0.0,2024-04-12 08:04:31.206076+00:00
163.0,0.0,0.0,2024-04-12 08:04:32.229030+00:00
458.0,0.0,0.0,2024-04-12 08:04:33.147923+00:00
503.0,0.0,0.0,2024-04-12 08:04:34.271643+00:00
